seed,confidence,feature_proportion,n_clusters,n_samples,lpd (ht),lpd (nb),acc (ht-no dd),acc (nb-no dd),acc (ht-dd),acc (nb-dd),f1 (ht-no dd),f1 (nb-no dd),f1 (ht-dd),f1 (nb-dd),mtr,mtfa,mtd,mdr,drifts
1733356388,0.1,0.1,2,100,0.0016079340759451,0.0016917884798542,0.3324775353016688,0.3364114456085138,0.6540643504907035,0.6747691415793614,0.302549740639592,0.3063176653290411,0.653896021756572,0.6746426535608605,1.5061237373737373,120.489898989899,80.0,0.0,"[199, 322, 433, 533, 668, 768, 881, 982, 1177, 1287, 1387, 1487, 1587, 1687, 1787, 1891, 1991, 2091, 2252, 2352, 2452, 2552, 2749, 2849, 2962, 3067, 3271, 3371, 3471, 3622, 3722, 3822, 3929, 4029, 4198, 4298, 4398, 4498, 4598, 4698, 4798, 4898, 5034, 5134, 5234, 5361, 5489, 5592, 5727, 5827, 5927, 6027, 6127, 6227, 6327, 6427, 6527, 6627, 6739, 6839, 6939, 7039, 7139, 7239, 7342, 7498, 7598, 7698, 7798, 7907, 8135, 8266, 8366, 8528, 8629, 8740, 9137, 9237, 9480, 9581, 9747, 9847, 10234, 10438, 10538, 10638, 10738, 10838, 11047, 11147, 11247, 11347, 11447, 11547, 11650, 11806, 11906, 12039, 12139, 12239, 12359, 12459, 12559, 12763, 12863, 12963, 13063, 13163, 13267, 13367, 13475, 13592, 13694, 13808, 13908, 14008, 14108, 14208, 14308, 14408, 14508, 14608, 14708, 14808, 14908, 15081, 15243, 15353, 15453, 15564, 15664, 15804, 15904, 16022, 16122, 16228, 16420, 16548, 16648, 16748, 16848, 16948, 17095, 17195, 17321, 17421, 17521, 17711, 17855, 18007, 18123, 18223, 18323, 18543, 18646, 18746, 18849, 18994, 19094, 19194, 19294, 19394, 19566, 19829, 19929, 20029, 20151, 20251, 20351, 20485, 20585, 20685, 20785, 20920, 21020, 21307, 21455, 21601, 21701, 21801, 21962, 22065, 22165, 22265, 22365, 22465, 22616, 22786, 22897, 23000, 23113, 23213, 23313, 23413, 23513, 23613, 23713, 23845, 23945, 24056]"
1733356423,0.1,0.1,2,250,0.0045073543942118,0.0045802142919669,0.3324775353016688,0.3364114456085138,0.6885585324444077,0.6982483746738996,0.302549740639592,0.3063176653290411,0.6880767127624942,0.6977347826201955,7.6522727272727264,306.09090909090907,40.0,0.0,"[499, 749, 1026, 1339, 1589, 1845, 2211, 2461, 2711, 2961, 3211, 3461, 4137, 4387, 4637, 4887, 5137, 5387, 5670, 5920, 6294, 6544, 6794, 7179, 7429, 7679, 8728, 9157, 9407, 9657, 9907, 10242, 10499, 10749, 10999, 11249, 11499, 11749, 11999, 12253, 12569, 13160, 13461, 13818, 14068, 14318, 14840, 15090, 15364, 15614, 15864, 16114, 16364, 16648, 16987, 17237, 17487, 17737, 18437, 18687, 19128, 19378, 19680, 19930, 20180, 20464, 20714, 21071, 21457, 21707, 22001, 22318, 22568, 22818, 23068, 23318, 23568, 23818, 24068]"
1733356454,0.1,0.1,2,500,0.0093341445364303,0.0093851101760331,0.3324775353016688,0.3364114456085138,0.6965091722224522,0.7024307424738084,0.302549740639592,0.3063176653290411,0.6949163681983994,0.70082354915422,1.6363506363506364,618.5405405405405,378.0,0.0,"[1020, 1520, 2020, 2520, 3020, 3520, 4085, 4585, 5085, 5585, 6330, 6830, 7330, 7830, 9196, 10088, 10588, 11088, 11796, 12296, 12796, 13406, 13906, 14406, 14943, 16188, 16966, 17466, 17966, 18466, 19138, 19716, 20539, 21389, 21895, 22406, 22906, 23406, 23906]"
1733356486,0.1,0.1,2,1000,0.0182943175155994,0.0180829107013257,0.3324775353016688,0.3364114456085138,0.6800695680980579,0.6799867489337033,0.302549740639592,0.3063176653290411,0.6754234295510365,0.6754493129110847,2.290777849601379,1250.764705882353,546.0,0.0,"[1999, 3305, 4305, 5341, 7078, 8078, 9200, 10574, 11574, 12574, 13574, 14574, 15574, 17506, 18508, 19944, 20944, 22262, 23262]"
1733356519,0.1,0.1,3,100,0.0013766425725585,0.0014591000811736,0.3324775353016688,0.3364114456085138,0.6477286844175743,0.6705453641972753,0.302549740639592,0.3063176653290411,0.6479983976924869,0.6709493346239443,1.6734494091322285,105.4273127753304,63.0,0.0,"[199, 345, 459, 559, 659, 759, 859, 959, 1059, 1159, 1279, 1379, 1479, 1579, 1679, 1779, 1879, 1979, 2079, 2182, 2282, 2382, 2482, 2582, 2682, 2782, 2882, 2986, 3115, 3215, 3315, 3415, 3515, 3615, 3715, 3815, 3915, 4021, 4122, 4222, 4322, 4422, 4522, 4622, 4722, 4831, 4931, 5031, 5131, 5231, 5345, 5445, 5545, 5645, 5745, 5845, 5945, 6045, 6145, 6245, 6345, 6445, 6545, 6645, 6745, 6874, 6974, 7074, 7174, 7274, 7374, 7474, 7574, 7688, 7794, 7895, 7995, 8095, 8195, 8312, 8412, 8512, 8612, 8712, 8812, 8912, 9014, 9183, 9283, 9398, 9571, 9671, 9771, 9871, 9971, 10071, 10171, 10271, 10371, 10471, 10571, 10671, 10771, 10871, 10975, 11075, 11175, 11275, 11375, 11479, 11579, 11679, 11789, 11889, 11989, 12097, 12198, 12298, 12398, 12585, 12685, 12785, 12885, 12985, 13085, 13185, 13285, 13385, 13485, 13585, 13691, 13791, 13891, 13991, 14091, 14191, 14291, 14391, 14491, 14591, 14691, 14791, 14891, 14991, 15091, 15195, 15295, 15395, 15495, 15613, 15713, 15813, 15951, 16051, 16151, 16251, 16401, 16501, 16602, 16702, 16818, 16918, 17018, 17147, 17247, 17347, 17457, 17631, 17731, 17831, 18014, 18114, 18223, 18323, 18423, 18523, 18623, 18730, 18830, 18931, 19031, 19131, 19231, 19331, 19431, 19531, 19631, 19731, 19831, 19949, 20127, 20227, 20349, 20449, 20549, 20649, 20764, 20864, 20964, 21064, 21164, 21264, 21364, 21464, 21567, 21667, 21789, 21951, 22068, 22168, 22268, 22368, 22468, 22568, 22668, 22768, 22868, 22968, 23126, 23226, 23326, 23426, 23526, 23626, 23726, 23826, 23931, 24031, 24131]"
1733356549,0.1,0.1,3,250,0.0040830789153701,0.0041484872326729,0.3324775353016688,0.3364114456085138,0.6917884798542383,0.7014783220837302,0.302549740639592,0.3063176653290411,0.6912946153055594,0.7009820268034351,1.3813131313131313,273.5,198.0,0.0,"[499, 749, 1026, 1276, 1526, 1789, 2044, 2294, 2544, 2807, 3160, 3410, 3692, 3942, 4229, 4479, 4738, 4988, 5238, 5488, 5895, 6145, 6397, 6899, 7202, 7452, 7702, 8165, 8675, 8926, 9176, 9439, 9763, 10013, 10277, 10527, 10777, 11027, 11277, 11527, 11777, 12027, 12375, 12625, 12909, 13159, 13409, 13726, 13976, 14226, 14476, 14726, 14976, 15226, 15476, 15802, 16052, 16302, 16626, 16876, 17126, 17380, 17630, 17880, 18130, 18380, 18630, 18913, 19163, 19413, 19663, 19913, 20163, 20413, 20668, 20923, 21173, 21492, 21742, 21995, 22270, 22520, 22770, 23020, 23270, 23520, 23770, 24020]"
1733356576,0.1,0.1,3,500,0.0077309889508432,0.0077922031158009,0.3324775353016688,0.3364114456085138,0.6881030270404571,0.6948527889353596,0.302549740639592,0.3063176653290411,0.686290227008696,0.6933128012463996,2.00400557297109,523.0454545454545,261.0,0.0,"[999, 1499, 1999, 2499, 2999, 3499, 3999, 4499, 4999, 5499, 6107, 6607, 7107, 7607, 8118, 8618, 9118, 9644, 10144, 10644, 11144, 11646, 12146, 12646, 13289, 13789, 14289, 14789, 15289, 15789, 16337, 16837, 17420, 17920, 18420, 18920, 19437, 19937, 20437, 20937, 21437, 22013, 22513, 23013, 23513, 24013]"
1733356598,0.1,0.1,3,1000,0.0157337589736446,0.0156923493914673,0.3324775353016688,0.3364114456085138,0.6786202327218518,0.6816431322207959,0.302549740639592,0.3063176653290411,0.6774559973024652,0.6806608218879234,21.932,1096.6,50.0,0.0,"[1999, 2999, 3999, 4999, 6000, 7000, 8078, 9078, 10078, 11078, 12078, 13078, 14078, 15078, 16228, 17257, 18257, 19257, 20257, 21364, 22931, 23931]"
1733356622,0.1,0.01,2,100,0.0032031078658268,0.0032943623154397,0.3324775353016688,0.3364114456085138,0.6784131848109652,0.6922025756760114,0.302549740639592,0.3063176653290411,0.6771519961824105,0.6911573576516559,3.930087601078167,220.08490566037736,56.0,0.0,"[553, 698, 1279, 1379, 1625, 1725, 1825, 1925, 2508, 2772, 2872, 3271, 3371, 3539, 3653, 3753, 3853, 4019, 4477, 4577, 4787, 4962, 5103, 5392, 5527, 5785, 5886, 5986, 6103, 6203, 6572, 6672, 7728, 7831, 8240, 8349, 8545, 8653, 8754, 9219, 9440, 9644, 9744, 9943, 10249, 10449, 10549, 10774, 10874, 11071, 11217, 11317, 11804, 11904, 12300, 12415, 12536, 12636, 12942, 13112, 13212, 13320, 13544, 13644, 13763, 13884, 13984, 14084, 14188, 14319, 14487, 14587, 14747, 15009, 15243, 15362, 15462, 15662, 16312, 16709, 17159, 17498, 18194, 18294, 18422, 18805, 19161, 19427, 19527, 19750, 19914, 20278, 20384, 20520, 20780, 21054, 21628, 21787, 22276, 22409, 22509, 22787, 23213, 23313, 23413, 23513, 23617, 23882]"
1733356666,0.1,0.01,2,250,0.0077656182406566,0.0078035036030741,0.3324775353016688,0.3364114456085138,0.6974615926125305,0.7031761149530001,0.302549740639592,0.3063176653290411,0.6956231716111704,0.7013972198623478,4.175448028673835,517.7555555555556,124.0,0.0,"[564, 1027, 2059, 2375, 2625, 3098, 3720, 3970, 4334, 4596, 5198, 5664, 5914, 6588, 6838, 8757, 10099, 10602, 10852, 11282, 11532, 11782, 12032, 13902, 14152, 14402, 15349, 16226, 16476, 16728, 17230, 17480, 18635, 18885, 19472, 19722, 19972, 20284, 20534, 22005, 22287, 22537, 22859, 23109, 23363, 23613, 23863]"
1733356707,0.1,0.01,2,500,0.013192786144047,0.0131897187675894,0.3324775353016688,0.3364114456085138,0.6886827611909396,0.69253385233343,0.302549740639592,0.3063176653290411,0.6861890953623772,0.6900747184805539,2.175678391959799,865.92,398.0,0.0,"[2203, 2887, 3387, 3887, 4387, 4887, 5393, 6971, 7471, 7971, 8716, 10567, 11067, 11885, 12385, 13410, 13926, 14426, 16783, 17429, 18054, 19983, 21010, 21869, 22851, 23351, 23851]"
1733356748,0.1,0.01,2,1000,0.0210930059215702,0.0209377199884053,0.3324775353016688,0.3364114456085138,0.6699656300467929,0.6714149654229988,0.302549740639592,0.3063176653290411,0.6698336247797189,0.6712833475540217,5.354081632653061,1499.142857142857,280.0,0.0,"[3024, 4024, 5049, 9409, 10734, 11734, 12734, 14308, 15308, 16364, 17364, 19116, 20116, 22012, 23012, 24012]"
1733356786,0.1,0.01,3,100,0.0023482683893052,0.0024241859566303,0.3324775353016688,0.3364114456085138,0.6706281833616299,0.6854942233632862,0.302549740639592,0.3063176653290411,0.6705443900134989,0.6853278179860375,1.1517943276094926,168.16197183098592,146.0,0.0,"[199, 367, 473, 750, 1034, 1392, 1548, 1837, 2058, 2210, 2381, 2481, 2581, 2794, 2894, 3108, 3208, 3308, 3452, 3624, 3724, 3849, 4021, 4203, 4303, 4465, 4646, 4756, 4984, 5088, 5188, 5389, 5506, 5645, 5883, 6072, 6172, 6562, 6713, 6813, 6986, 7087, 7187, 7411, 7511, 7673, 7773, 7873, 8114, 8402, 8502, 8610, 8710, 8810, 8941, 9259, 9434, 9669, 9769, 9869, 10549, 10657, 11017, 11119, 11219, 11323, 11423, 11523, 11623, 11780, 11880, 12187, 12287, 12433, 12533, 12782, 13152, 13259, 13375, 13527, 13627, 13763, 13868, 13968, 14174, 14274, 14374, 14474, 14574, 14674, 14774, 15012, 15600, 15704, 15804, 15977, 16091, 16325, 16449, 16932, 17032, 17132, 17505, 18025, 18125, 18420, 18526, 18626, 18871, 18971, 19129, 19382, 19520, 19625, 19784, 19884, 19984, 20151, 20264, 20385, 20503, 20603, 20797, 21302, 21439, 21615, 21884, 21984, 22096, 22196, 22354, 22456, 22556, 22779, 22879, 22979, 23163, 23263, 23363, 23520, 23620, 23746, 23952, 24078]"
1733356827,0.1,0.01,3,250,0.0058561163956565,0.0059402713529846,0.3324775353016688,0.3364114456085138,0.695556751832374,0.7047082694935608,0.302549740639592,0.3063176653290411,0.694527085370047,0.7037007955529065,2.092072072072072,387.03333333333336,185.0,0.0,"[675, 925, 1250, 1532, 1942, 2280, 2567, 2953, 3209, 3459, 3720, 3971, 4235, 4485, 4969, 5327, 5577, 5974, 6643, 6899, 7316, 8169, 8755, 9381, 10330, 10584, 10834, 11333, 11649, 11899, 12149, 12399, 12850, 13100, 13350, 13713, 13963, 14213, 14797, 15052, 16226, 16476, 16726, 17238, 17855, 18105, 18755, 19038, 19288, 19538, 19788, 20038, 20503, 21171, 21800, 22216, 22598, 22850, 23101, 23351, 23601, 23897]"
1733356864,0.1,0.01,3,500,0.0110641227380015,0.0110925918257484,0.3324775353016688,0.3364114456085138,0.6865294629177192,0.6913743840324651,0.302549740639592,0.3063176653290411,0.6841490340350544,0.6889209924158629,1.9380234505862648,771.3333333333334,398.0,0.0,"[999, 1499, 1999, 3598, 4401, 4901, 6082, 6673, 7306, 7806, 8734, 9234, 10440, 10940, 11707, 12207, 12707, 13926, 14426, 14926, 15438, 15938, 16729, 17250, 18015, 18515, 19442, 20336, 20836, 23139, 23639, 24139]"
1733356901,0.1,0.01,3,1000,0.0190254024781334,0.0187470380646081,0.3324775353016688,0.3364114456085138,0.6749347799080707,0.6738581307714605,0.302549740639592,0.3063176653290411,0.6722826634780287,0.671524194565671,1.7014157014157014,1322.0,777.0,0.0,"[2072, 3714, 4797, 7161, 8161, 9475, 10716, 11716, 12716, 13805, 14805, 15805, 17232, 18232, 19855, 20855, 21855, 23224]"
1733356934,0.01,0.1,2,100,0.0069854779780656,0.0070587410849947,0.3324775353016688,0.3364114456085138,0.6957223901610833,0.7034659820282413,0.302549740639592,0.3063176653290411,0.6929419231225551,0.7007704032458194,3.71515625,475.54,128.0,0.0,"[292, 805, 1523, 2246, 2897, 3151, 3314, 3640, 3815, 4204, 4323, 4550, 5640, 5983, 6417, 6557, 6943, 7305, 10499, 10606, 11549, 11809, 11909, 12213, 13200, 13392, 13826, 13926, 14026, 14156, 14259, 14422, 14591, 15144, 15453, 15646, 17218, 18373, 18508, 19932, 20231, 20415, 20685, 22046, 22289, 22428, 22528, 22891, 23317, 23417, 23646, 24069]"
1733356997,0.01,0.1,2,250,0.0101223423100105,0.010134995237898,0.3324775353016688,0.3364114456085138,0.6968818584620481,0.7012712741728436,0.302549740639592,0.3063176653290411,0.694583346893067,0.6991532923911609,6.3199891067538125,682.5588235294117,108.0,0.0,"[657, 1027, 3330, 3622, 4793, 5051, 5323, 6609, 6961, 7237, 7580, 9363, 9919, 10384, 10634, 10950, 11830, 12080, 13886, 14136, 14424, 14856, 16070, 17155, 18444, 18858, 19108, 19413, 20257, 20507, 20757, 22715, 22965, 23364, 23614, 23864]"
1733357054,0.01,0.1,2,500,0.0192232482596472,0.0190944184484289,0.3324775353016688,0.3364114456085138,0.6784960039753198,0.6801109776802352,0.302549740639592,0.3063176653290411,0.6766821619743593,0.6782306082158244,2.809095860566449,1289.375,459.0,0.0,"[3314, 3814, 5327, 5936, 10257, 10757, 11383, 11896, 12396, 12923, 13423, 13987, 14487, 16386, 16886, 22944, 23444, 23944]"
1733357119,0.01,0.1,2,1000,0.0306656778560377,0.0303381657060898,0.3324775353016688,0.3364114456085138,0.6697999917180836,0.6701312683755021,0.302549740639592,0.3063176653290411,0.667996431180545,0.6683866820526924,49.8743961352657,2294.222222222222,46.0,0.0,"[3425, 4425, 9419, 10838, 11838, 12838, 14074, 15074, 17528, 23073, 24073]"
1733357190,0.01,0.1,3,100,0.0047888002336372,0.004842196800129,0.3324775353016688,0.3364114456085138,0.6964263530580976,0.7044184024183195,0.302549740639592,0.3063176653290411,0.6957047024591451,0.7039236966432812,3.4581374853113984,318.14864864864865,92.0,0.0,"[299, 807, 1263, 1563, 1679, 1838, 2031, 2376, 2518, 2781, 3291, 3391, 3491, 3902, 4029, 4345, 4445, 4805, 4941, 5251, 5557, 5879, 6349, 6786, 6886, 7281, 7538, 7713, 8513, 8699, 9135, 9653, 10559, 11089, 11282, 11496, 11610, 11807, 11907, 12211, 12355, 12585, 12850, 12950, 13050, 13150, 13891, 14120, 14769, 15083, 15206, 15308, 15506, 16011, 16232, 17041, 17244, 17344, 18248, 19300, 19400, 19637, 21490, 21661, 22210, 22310, 22462, 22572, 22796, 23049, 23233, 23333, 23433, 23533, 23633, 23842]"
1733357255,0.01,0.1,3,250,0.0082969744653458,0.0082913277041398,0.3324775353016688,0.3364114456085138,0.6975444117768852,0.7012298645906663,0.302549740639592,0.3063176653290411,0.6966654152070114,0.7002991272545135,3.8365949119373775,560.1428571428571,146.0,0.0,"[558, 1202, 1586, 2668, 2918, 3283, 3533, 3973, 4337, 4649, 6591, 7155, 7436, 7688, 8783, 9754, 10035, 10574, 10824, 11077, 11609, 11859, 12109, 13924, 14174, 14469, 14809, 15132, 15396, 16054, 16600, 18155, 18405, 19731, 19981, 20799, 21073, 21506, 22807, 23057, 23308, 23558, 23808, 24084]"
1733357313,0.01,0.1,3,500,0.013840356504649,0.0138116883323724,0.3324775353016688,0.3364114456085138,0.6923268044225434,0.6955153422501967,0.302549740639592,0.3063176653290411,0.6898514896030289,0.6932416164017233,2.294384057971014,949.875,414.0,0.0,"[1069, 2711, 3211, 3711, 4747, 5247, 6319, 6819, 7586, 9693, 10199, 10699, 11331, 11831, 12331, 13942, 14442, 16392, 17406, 17907, 18958, 19969, 20910, 22866, 23366, 23866]"
1733357370,0.01,0.1,3,1000,0.0210645368338233,0.0209040747028862,0.3324775353016688,0.3364114456085138,0.6695101246428423,0.6708766408546938,0.302549740639592,0.3063176653290411,0.6676146092536585,0.6690078333318863,4.532523672293125,1572.7857142857142,347.0,0.0,"[2003, 3405, 4405, 9351, 10375, 11375, 12375, 13375, 14375, 15375, 16376, 17820, 20041, 21707, 23022, 24022]"
1733357424,0.01,0.01,2,100,0.0206268436398535,0.0204076164400912,0.3324775353016688,0.3364114456085138,0.6831338771791793,0.6833409250900658,0.302549740639592,0.3063176653290411,0.6801133221440184,0.6803814088502148,74.93333333333334,1348.8,18.0,0.0,"[3380, 3492, 3592, 6562, 6704, 10578, 11826, 11926, 13898, 14046, 17534, 18089, 18285, 18422, 22792, 23329, 23612]"
1733357480,0.01,0.01,2,250,0.0295043273013375,0.0292593206067884,0.3324775353016688,0.3364114456085138,0.6865294629177192,0.6875232928899747,0.302549740639592,0.3063176653290411,0.6852157638789825,0.6861803071908037,8.06830985915493,2291.4,284.0,0.0,"[641, 1037, 3219, 3633, 10624, 11366, 11889, 12139, 14312, 22881, 23305, 23555]"
1733357536,0.01,0.01,2,500,0.0262186362231912,0.0259797347875529,0.3324775353016688,0.3364114456085138,0.6733198062031555,0.6741479978467018,0.302549740639592,0.3063176653290411,0.6712158327615666,0.6719565282605844,3.785491276400367,1873.8181818181815,495.0,0.0,"[3380, 4364, 4864, 10123, 10731, 11278, 11978, 12478, 14523, 16004, 22992, 23492, 23992]"
1733357592,0.01,0.01,2,1000,0.0404778665783262,0.04003271356992,0.3324775353016688,0.3364114456085138,0.6563004679282786,0.6566731541678744,0.302549740639592,0.3063176653290411,0.6545810076902284,0.6549657607821882,0.8921492253094434,3435.6666666666665,3851.0,0.0,"[3467, 4467, 10935, 11935, 12935, 17879, 23081, 24081]"
1733357654,0.01,0.01,3,100,0.0122343896584566,0.0121958359095329,0.3324775353016688,0.3364114456085138,0.6872748353969108,0.6900906869849683,0.302549740639592,0.3063176653290411,0.686359002460797,0.689241954976673,20.036195286195287,881.5925925925926,44.0,0.0,"[199, 528, 1265, 1560, 3495, 3639, 4240, 4341, 4615, 5809, 6958, 9198, 11095, 11602, 11882, 13919, 14072, 15100, 15823, 16649, 19762, 20140, 20890, 21810, 22793, 23332, 23432, 23841, 24002]"
1733357711,0.01,0.01,3,250,0.0195062137378589,0.0194049903147588,0.3324775353016688,0.3364114456085138,0.6835893825831297,0.6857012712741728,0.302549740639592,0.3063176653290411,0.6816581047233675,0.683765629820496,8.760853293413174,1463.0625,167.0,0.0,"[718, 1027, 3292, 3542, 4369, 4619, 8780, 10703, 11902, 12152, 13054, 13939, 14195, 19914, 21011, 21358, 23419, 24127]"
1733357769,0.01,0.01,3,500,0.0376459112638664,0.0372272143774069,0.3324775353016688,0.3364114456085138,0.6712907366764669,0.6714563750051762,0.302549740639592,0.3063176653290411,0.6692277707467819,0.6693660557111488,7.730348598769651,3231.285714285714,418.0,0.0,"[1277, 4362, 10858, 12201, 12740, 13946, 14446, 23396, 23896]"
1733357834,0.01,0.01,3,1000,0.05461233729485,0.0540118983532789,0.3324775353016688,0.3364114456085138,0.660151559070769,0.6604828357281876,0.302549740639592,0.3063176653290411,0.6573678483699273,0.6576731044187426,6.212765957446808,4672.0,752.0,0.0,"[4772, 11000, 12434, 13434, 14780, 23460]"
1733357904,0.1,0.1,2,100,0.0016195747696016,0.001708877252378,0.3324775353016688,0.3364114456085138,0.6531533396828026,0.6747691415793614,0.302549740639592,0.3063176653290411,0.6535911737606229,0.6752352425945983,1.3393137474770127,121.87755102040816,91.0,0.0,"[199, 322, 433, 533, 673, 796, 896, 996, 1176, 1445, 1545, 1645, 1745, 1845, 1983, 2083, 2245, 2345, 2445, 2548, 2650, 2750, 2850, 3020, 3123, 3224, 3324, 3473, 3584, 3684, 3784, 3894, 3994, 4094, 4196, 4296, 4396, 4496, 4596, 4696, 4860, 4960, 5060, 5172, 5379, 5489, 5592, 5727, 5827, 5927, 6027, 6127, 6227, 6327, 6427, 6527, 6627, 6739, 6839, 6939, 7039, 7139, 7239, 7340, 7500, 7672, 7772, 7875, 8154, 8266, 8366, 8528, 8629, 8740, 9137, 9237, 9480, 9581, 9747, 9847, 10007, 10111, 10211, 10451, 10551, 10707, 10807, 10952, 11062, 11162, 11262, 11363, 11544, 11684, 11804, 11904, 12004, 12104, 12204, 12304, 12408, 12517, 12636, 12787, 12887, 13349, 13595, 13716, 13819, 13919, 14019, 14119, 14255, 14355, 14455, 14555, 14655, 14755, 15001, 15115, 15215, 15315, 15415, 15515, 15615, 15715, 15816, 15959, 16059, 16174, 16291, 16494, 16602, 16714, 16853, 16963, 17075, 17180, 17345, 17467, 17567, 17698, 17801, 17926, 18026, 18126, 18226, 18326, 18461, 18564, 18664, 18764, 18864, 18964, 19064, 19164, 19264, 19413, 19527, 19627, 19769, 19872, 19972, 20147, 20247, 20352, 20461, 20561, 20661, 20761, 21002, 21102, 21202, 21302, 21451, 21576, 21693, 21793, 21974, 22131, 22231, 22403, 22503, 22603, 22751, 22851, 22957, 23066, 23166, 23266, 23366, 23466, 23566, 23666, 23776, 23887, 23987, 24087]"
1733357939,0.1,0.1,2,250,0.0042089882455943,0.0042681447915619,0.3324775353016688,0.3364114456085138,0.6860325479315914,0.6949356080997142,0.302549740639592,0.3063176653290411,0.6858835802339178,0.694817163688424,19.154471544715445,287.3170731707317,15.0,0.0,"[499, 749, 1026, 1339, 1589, 1845, 2211, 2461, 2711, 2961, 3211, 3461, 4137, 4387, 4637, 4887, 5137, 5387, 5670, 5920, 6294, 6544, 6794, 7179, 7429, 7704, 8103, 8360, 8614, 8944, 9324, 9606, 9893, 10329, 10579, 10829, 11079, 11329, 11579, 11829, 12079, 12329, 12767, 13017, 13274, 13543, 13793, 14043, 14293, 14543, 14992, 15242, 15492, 15742, 15992, 16242, 16499, 16778, 17032, 17330, 17994, 18244, 18494, 18781, 19055, 19305, 19580, 19902, 20152, 20402, 20652, 20902, 21173, 21513, 21763, 22013, 22295, 22559, 22809, 23059, 23309, 23559, 23809, 24059]"
1733357968,0.1,0.1,2,500,0.009015901279556,0.0090831918505942,0.3324775353016688,0.3364114456085138,0.6931135864839124,0.6997391196322829,0.302549740639592,0.3063176653290411,0.6917394922936859,0.6984369488759571,1.6212228684919847,601.4736842105264,371.0,0.0,"[1020, 1520, 2020, 2520, 3020, 3520, 4085, 4585, 5085, 5585, 6395, 6895, 7402, 7940, 8440, 8940, 9753, 10253, 10753, 11253, 11825, 12325, 12846, 13399, 13899, 14399, 14950, 16459, 16959, 17459, 17959, 18472, 19221, 19721, 21376, 21876, 22376, 22876, 23376, 23876]"
1733357998,0.1,0.1,2,1000,0.0180676545394709,0.0179826559234227,0.3324775353016688,0.3364114456085138,0.675762971551617,0.6780819081535467,0.302549740639592,0.3063176653290411,0.672806123581248,0.6748702454671132,2.3188967894850245,1266.1176470588234,546.0,0.0,"[1999, 3310, 4310, 5341, 7133, 8133, 9133, 10574, 11574, 12574, 13574, 14574, 15574, 17506, 18663, 19988, 21482, 22523, 23523]"
1733358033,0.1,0.1,3,100,0.0014357831493116,0.0015291429345841,0.3324775353016688,0.3364114456085138,0.648349828150234,0.6728228912170277,0.302549740639592,0.3063176653290411,0.6486749240027638,0.673156711865889,5.206422018348624,109.3348623853211,21.0,0.0,"[237, 337, 442, 542, 662, 762, 862, 962, 1062, 1162, 1284, 1428, 1528, 1639, 1739, 1839, 1939, 2039, 2139, 2239, 2345, 2445, 2545, 2645, 2763, 2863, 2963, 3063, 3163, 3263, 3363, 3463, 3565, 3723, 3823, 3924, 4024, 4139, 4242, 4342, 4442, 4550, 4669, 4769, 4869, 4969, 5069, 5177, 5277, 5377, 5500, 5600, 5700, 5847, 5947, 6047, 6147, 6297, 6397, 6497, 6597, 6697, 6797, 6897, 6997, 7097, 7197, 7297, 7410, 7560, 7687, 7787, 7887, 7987, 8087, 8187, 8366, 8466, 8566, 8682, 8782, 8882, 8982, 9094, 9206, 9408, 9508, 9608, 9708, 9808, 9908, 10021, 10144, 10244, 10345, 10445, 10545, 10666, 10766, 10866, 10970, 11070, 11172, 11272, 11400, 11500, 11600, 11703, 11803, 11903, 12009, 12109, 12210, 12310, 12410, 12536, 12636, 12798, 12970, 13070, 13170, 13299, 13399, 13499, 13599, 13749, 13849, 13949, 14049, 14235, 14335, 14435, 14535, 14652, 14752, 14852, 14952, 15243, 15343, 15443, 15579, 15679, 15779, 15881, 15981, 16081, 16181, 16281, 16429, 16602, 16711, 16811, 16911, 17011, 17111, 17217, 17317, 17417, 17517, 17617, 17720, 17826, 17926, 18026, 18126, 18226, 18326, 18467, 18668, 18768, 18892, 18992, 19092, 19192, 19292, 19392, 19518, 19621, 19721, 19821, 19921, 20023, 20138, 20238, 20338, 20438, 20538, 20638, 20738, 20838, 20938, 21038, 21138, 21238, 21358, 21458, 21630, 21753, 21853, 21953, 22057, 22157, 22257, 22357, 22457, 22557, 22657, 22757, 22857, 22957, 23070, 23170, 23285, 23385, 23488, 23588, 23703, 23808, 23972, 24072]"
1733358064,0.1,0.1,3,250,0.0039582959496827,0.0040397347946314,0.3324775353016688,0.3364114456085138,0.6887241707731169,0.6999875771253468,0.302549740639592,0.3063176653290411,0.6878848799482049,0.6992460227198826,7.864639037433155,267.39772727272725,34.0,0.0,"[499, 749, 1026, 1276, 1526, 1789, 2044, 2294, 2544, 2794, 3044, 3294, 3544, 3806, 4056, 4306, 4556, 4806, 5056, 5306, 5556, 5812, 6076, 6326, 6576, 6826, 7181, 7431, 7681, 7937, 8188, 8681, 9040, 9290, 9595, 9845, 10095, 10355, 10605, 10855, 11105, 11355, 11606, 11856, 12106, 12375, 12625, 12948, 13198, 13562, 13812, 14062, 14312, 14757, 15020, 15303, 15553, 15803, 16053, 16319, 16614, 16864, 17114, 17364, 17614, 17864, 18126, 18376, 18626, 18913, 19163, 19413, 19663, 19913, 20163, 20413, 20663, 20913, 21173, 21492, 21742, 21995, 22280, 22530, 22780, 23030, 23280, 23530, 23780, 24030]"
1733358090,0.1,0.1,3,500,0.007757094991781,0.007810207281965,0.3324775353016688,0.3364114456085138,0.6893039049235993,0.6956809805789059,0.302549740639592,0.3063176653290411,0.6875193448828876,0.6941903956871037,2.718394886363636,521.9318181818181,192.0,0.0,"[999, 1499, 1999, 2499, 2999, 3499, 3999, 4499, 4999, 5499, 6107, 6607, 7107, 7607, 8113, 8613, 9113, 9626, 10126, 10626, 11126, 11643, 12143, 12643, 13220, 13720, 14220, 14720, 15220, 15720, 16220, 16740, 17249, 17793, 18293, 18793, 19293, 19793, 20293, 20793, 21464, 21964, 22464, 22964, 23464, 23964]"
1733358112,0.1,0.1,3,1000,0.0158241071529406,0.015769521794616,0.3324775353016688,0.3364114456085138,0.680607892666363,0.6833409250900658,0.302549740639592,0.3063176653290411,0.6791013455279868,0.6819357287528057,11.191326530612244,1096.75,98.0,0.0,"[1999, 2999, 3999, 4999, 6034, 7034, 8034, 9034, 10126, 11126, 12126, 13126, 14126, 15126, 16126, 17126, 18126, 19198, 20198, 21782, 22934, 23934]"
1733358136,0.1,0.01,2,100,0.0032427185893806,0.0033429529985762,0.3324775353016688,0.3364114456085138,0.6794484243653982,0.6941074164561679,0.302549740639592,0.3063176653290411,0.6779231140794227,0.6928706992610497,2.244252044252044,222.1809523809524,99.0,0.0,"[553, 698, 1279, 1379, 1625, 1725, 1825, 1925, 2508, 2772, 2872, 3271, 3371, 3539, 3843, 4021, 4241, 4341, 4596, 4774, 4957, 5057, 5229, 5614, 5717, 5929, 6037, 6137, 6248, 6398, 6551, 6651, 7155, 7417, 7557, 7681, 7836, 7936, 8057, 8331, 8768, 9247, 9610, 9775, 10207, 10307, 10407, 10508, 10608, 10837, 11772, 11872, 12167, 12281, 12425, 12589, 12801, 13005, 13244, 13414, 13594, 13694, 13817, 13917, 14027, 14127, 14412, 14805, 14973, 15129, 15406, 15506, 15866, 16007, 16107, 16264, 16366, 16466, 16678, 16907, 17007, 17129, 17229, 17355, 17537, 17801, 18023, 18123, 18223, 18323, 19369, 19469, 19569, 21042, 21193, 21395, 21495, 21877, 21977, 22231, 22409, 22792, 23316, 23416, 23516, 23617, 23882]"
1733358180,0.1,0.01,2,250,0.0085091876306689,0.0085515602263852,0.3324775353016688,0.3364114456085138,0.6983726034204315,0.7041285353430784,0.302549740639592,0.3063176653290411,0.6963261205185121,0.7022555431356793,4.601101494885916,570.5365853658536,124.0,0.0,"[564, 1027, 2059, 2375, 2625, 3098, 3720, 3970, 4334, 4596, 5198, 5664, 5914, 6588, 6838, 8757, 10099, 10602, 10852, 11282, 11532, 11782, 12032, 13902, 14152, 14402, 15349, 16226, 16500, 16872, 17186, 17458, 19004, 19715, 19965, 20328, 20578, 21625, 22843, 23093, 23366, 23616, 23956]"
1733358223,0.1,0.01,2,500,0.0127585880515608,0.0127423200014197,0.3324775353016688,0.3364114456085138,0.6897180007453725,0.693196405648267,0.302549740639592,0.3063176653290411,0.6871678998563131,0.6905818522782519,2.0904183535762484,834.0769230769231,399.0,0.0,"[2203, 2887, 3387, 3887, 4387, 4887, 5394, 6962, 7462, 7966, 8810, 10553, 11053, 11875, 12375, 12882, 13382, 13927, 14427, 16749, 17533, 18306, 19867, 20695, 21803, 22889, 23389, 23889]"
1733358263,0.1,0.01,2,1000,0.0211680607892666,0.0209843057683547,0.3324775353016688,0.3364114456085138,0.671166507929935,0.6721603379021905,0.302549740639592,0.3063176653290411,0.6709132323002739,0.6719312054831857,75.0142857142857,1500.2857142857142,20.0,0.0,"[3024, 4024, 5049, 9409, 10734, 11734, 12734, 14048, 15048, 16367, 17367, 19111, 20139, 22028, 23028, 24028]"
1733358302,0.1,0.01,3,100,0.0024782734724815,0.0025664938866853,0.3324775353016688,0.3364114456085138,0.6744792745041203,0.6905876019710961,0.302549740639592,0.3063176653290411,0.6739292540212699,0.6899231705220442,3.1299894957983194,175.27941176470588,56.0,0.0,"[199, 367, 473, 750, 1040, 1387, 1561, 1661, 1761, 2019, 2200, 2403, 2503, 2806, 2906, 3029, 3269, 3369, 3471, 3623, 3723, 3873, 4264, 4412, 4512, 4822, 5010, 5110, 5210, 5379, 5485, 5770, 6045, 6373, 6473, 6573, 6704, 6804, 6975, 7075, 7175, 7297, 7688, 7813, 7913, 8042, 8142, 8322, 8439, 8660, 8770, 9115, 9242, 9458, 9558, 9695, 9795, 10185, 10335, 10482, 10582, 10727, 10851, 11008, 11108, 11208, 11313, 11485, 11585, 11780, 11880, 12187, 12287, 12433, 12533, 12782, 13152, 13259, 13375, 13527, 13627, 13755, 13884, 13984, 14084, 14194, 14294, 14394, 14588, 15025, 15125, 15259, 15359, 15500, 15631, 15731, 15962, 16093, 16325, 16449, 16932, 17032, 17132, 17505, 18094, 18205, 18305, 18547, 18647, 18840, 18941, 19043, 19143, 19388, 19534, 19740, 20283, 20510, 20610, 20831, 20962, 21662, 21804, 22065, 22258, 22358, 22458, 22558, 22666, 22909, 23035, 23191, 23350, 23553, 23653, 23813, 23913, 24037]"
1733358343,0.1,0.01,3,250,0.005729640124439,0.0057999706846449,0.3324775353016688,0.3364114456085138,0.6934448631413309,0.7018095987411487,0.302549740639592,0.3063176653290411,0.6924470639108954,0.7009207111476012,10.385024368630926,384.24590163934425,37.0,0.0,"[675, 925, 1250, 1529, 1853, 2103, 2389, 2639, 2959, 3209, 3459, 3720, 3971, 4235, 4485, 4969, 5327, 5577, 5974, 6643, 6899, 7316, 7775, 8435, 8780, 10382, 10632, 10882, 11132, 11631, 11881, 12131, 12381, 12922, 13459, 13815, 14065, 14315, 14769, 15060, 16226, 16476, 16726, 17244, 17863, 18159, 18409, 18664, 18914, 19451, 19701, 19951, 20201, 20457, 20707, 20961, 21211, 21647, 22917, 23205, 23455, 23753, 24114]"
1733358380,0.1,0.01,3,500,0.0107577075153372,0.0107777848885141,0.3324775353016688,0.3364114456085138,0.6874818833077975,0.6920783469294794,0.302549740639592,0.3063176653290411,0.6846939336742941,0.6894734403988728,1.8073888932281497,746.4516129032259,413.0,0.0,"[999, 1499, 1999, 3598, 4346, 4846, 6080, 6582, 7082, 7620, 8120, 8660, 9478, 10120, 10620, 11120, 11747, 12247, 12747, 13807, 14441, 15049, 16323, 16878, 17380, 18015, 18515, 19442, 20336, 20836, 23139, 23639, 24139]"
1733358417,0.1,0.01,3,1000,0.0191979424038722,0.0188482614877082,0.3324775353016688,0.3364114456085138,0.6780404985713694,0.6756801523872624,0.302549740639592,0.3063176653290411,0.6746826614402351,0.6729242382108435,1.7927676151761518,1323.0625,738.0,0.0,"[2072, 3714, 4797, 7161, 8161, 9475, 10716, 11716, 12716, 13766, 14766, 15766, 17259, 18259, 19307, 20307, 21307, 23241]"
1733358449,0.01,0.1,2,100,0.0084311835340093,0.0084822232515766,0.3324775353016688,0.3364114456085138,0.6950184272640689,0.7011470454263117,0.302549740639592,0.3063176653290411,0.694108912441287,0.7002914931673788,7.673821138211381,575.5365853658536,75.0,0.0,"[292, 805, 1523, 2246, 2897, 3151, 3314, 3640, 3815, 4204, 4323, 4905, 5165, 5634, 6038, 7750, 10556, 11335, 11806, 11906, 13903, 14003, 14103, 14432, 14532, 15056, 15362, 16539, 16832, 17323, 17439, 18105, 18220, 18320, 19285, 19745, 20430, 20724, 22687, 22845, 23152, 23340, 23889]"
1733358514,0.01,0.1,2,250,0.0103583111989257,0.0103500292824902,0.3324775353016688,0.3364114456085138,0.6950184272640689,0.6986624704956726,0.302549740639592,0.3063176653290411,0.6924460983939289,0.6961713004551001,4.639752791068581,705.2424242424242,152.0,0.0,"[657, 1027, 3330, 3622, 4793, 5051, 5323, 6609, 6961, 7237, 7580, 9363, 9919, 10384, 10634, 10950, 11830, 12080, 13930, 14180, 14430, 15437, 16081, 17149, 18409, 19667, 19917, 20167, 20503, 20782, 22841, 23091, 23351, 23601, 23930]"
1733358572,0.01,0.1,2,500,0.0173796016398194,0.017292641517247,0.3324775353016688,0.3364114456085138,0.6800695680980579,0.6822642759534556,0.302549740639592,0.3063176653290411,0.6773773594696898,0.6796341283779103,2.5302918812852586,1146.2222222222222,453.0,0.0,"[3314, 3814, 5327, 5936, 8284, 9466, 10257, 10757, 11365, 11867, 12367, 12919, 13456, 13981, 14481, 16382, 16882, 22946, 23446, 23946]"
1733358634,0.01,0.1,2,1000,0.0242393947102216,0.0239702324260691,0.3324775353016688,0.3364114456085138,0.671829061244772,0.6719946995734813,0.302549740639592,0.3063176653290411,0.670041477530336,0.670201127323777,45.43421052631579,1726.5,38.0,0.0,"[3425, 4425, 9412, 10810, 11810, 12810, 14066, 15066, 17520, 19045, 20086, 21833, 23143, 24143]"
1733358692,0.01,0.1,3,100,0.0044025455783151,0.0044752648445777,0.3324775353016688,0.3364114456085138,0.6934862727235083,0.7033831628638867,0.302549740639592,0.3063176653290411,0.6924721037284617,0.7024082828213568,26.93068181818182,296.2375,11.0,0.0,"[299, 807, 1263, 1563, 1679, 2335, 2435, 2630, 3148, 3294, 3394, 4026, 4172, 4315, 4519, 4903, 6220, 6524, 6635, 6735, 7135, 7430, 7777, 8482, 8711, 9766, 9937, 10153, 10496, 10620, 10892, 11193, 11328, 11673, 11804, 11904, 12213, 12998, 13186, 13315, 13444, 13582, 13835, 13935, 14039, 14154, 14590, 14690, 14790, 14904, 15275, 15497, 16038, 16234, 16339, 16680, 16954, 17531, 18072, 18251, 18409, 18509, 19367, 20670, 20773, 21708, 21809, 22011, 22208, 22308, 22409, 22527, 22786, 22938, 23043, 23199, 23333, 23433, 23533, 23633, 23845, 23998]"
1733358756,0.01,0.1,3,250,0.0104553279343125,0.0104730748981028,0.3324775353016688,0.3364114456085138,0.6984140130026089,0.7029690670421136,0.302549740639592,0.3063176653290411,0.696671434864479,0.7012856251797578,7.985359210078312,710.6969696969697,89.0,0.0,"[588, 1240, 2354, 2604, 3154, 3404, 4661, 5457, 6077, 6567, 6817, 7410, 9117, 9408, 10659, 11156, 11655, 11905, 12155, 13867, 14117, 14388, 18174, 18424, 18944, 19935, 20185, 20487, 21636, 22791, 23041, 23291, 23541, 23791, 24041]"
1733358820,0.01,0.1,3,500,0.0185405955569697,0.018425084617212,0.3324775353016688,0.3364114456085138,0.6847488508840945,0.6864880533355419,0.302549740639592,0.3063176653290411,0.6829610712747606,0.6847588840581796,3.9168238724061055,1343.470588235294,343.0,0.0,"[1040, 2599, 3099, 3599, 10161, 10661, 11161, 11800, 12300, 13871, 14371, 14871, 15579, 18289, 18789, 22202, 22879, 23379, 23879]"
1733358890,0.01,0.1,3,1000,0.0261262610014111,0.0259064716806238,0.3324775353016688,0.3364114456085138,0.6721189283200133,0.6731955774566235,0.302549740639592,0.3063176653290411,0.6706543978401167,0.6717804603141802,33.22402597402597,1860.5454545454545,56.0,0.0,"[3409, 4409, 8149, 9706, 10862, 11862, 12862, 14084, 15084, 16447, 19937, 22875, 23875]"
1733358957,0.01,0.01,2,100,0.0206268436398535,0.0204076164400912,0.3324775353016688,0.3364114456085138,0.6831338771791793,0.6833409250900658,0.302549740639592,0.3063176653290411,0.6801133221440184,0.6803814088502148,74.93333333333334,1348.8,18.0,0.0,"[3380, 3492, 3592, 6562, 6704, 10578, 11826, 11926, 13898, 14046, 17534, 18089, 18285, 18422, 22792, 23329, 23612]"
1733359013,0.01,0.01,2,250,0.0237608182533438,0.0235758554529518,0.3324775353016688,0.3364114456085138,0.6888898091018262,0.690049277402791,0.302549740639592,0.3063176653290411,0.6872732503903171,0.6884646801441607,10.71002331002331,1767.1538461538462,165.0,0.0,"[641, 1037, 3219, 3633, 10624, 11273, 11755, 12005, 13943, 14193, 19914, 22051, 22981, 23364, 23614]"
1733359069,0.01,0.01,2,500,0.0227062542272281,0.0225047275939652,0.3324775353016688,0.3364114456085138,0.6730713487100916,0.6739823595179925,0.302549740639592,0.3063176653290411,0.6708259410812808,0.6716287722735103,3.204662004662005,1586.3076923076924,495.0,0.0,"[3380, 4364, 4864, 10123, 10731, 11278, 11978, 12478, 14523, 16367, 17303, 22008, 23002, 23502, 24002]"
1733359123,0.01,0.01,2,1000,0.0403432854362499,0.0397842560768561,0.3324775353016688,0.3364114456085138,0.6552238187916684,0.6546854942233633,0.302549740639592,0.3063176653290411,0.6532083944828604,0.6527292195631078,0.8903531438415159,3445.6666666666665,3870.0,0.0,"[3467, 4468, 10928, 11928, 12928, 17898, 23141, 24141]"
1733359185,0.01,0.01,3,100,0.0210165808838753,0.0208899162795682,0.3324775353016688,0.3364114456085138,0.6897594103275498,0.6915400223611744,0.302549740639592,0.3063176653290411,0.6877021872824489,0.6894970615177431,90.82352941176472,1544.0,17.0,0.0,"[199, 566, 921, 4333, 4615, 5809, 6958, 9198, 10684, 11862, 13909, 14045, 18310, 21527, 23069, 23206, 23359]"
1733359244,0.01,0.01,3,250,0.02215671456375,0.0220816596960536,0.3324775353016688,0.3364114456085138,0.6869849683216697,0.6897180007453725,0.302549740639592,0.3063176653290411,0.6861407183800847,0.6890504329624637,813.2857142857143,1626.571428571429,2.0,0.0,"[718, 1027, 3292, 3542, 4369, 4619, 8780, 10668, 11882, 12132, 12474, 14030, 14486, 17107, 22931, 23490]"
1733359302,0.01,0.01,3,500,0.0270309011043617,0.0268015557261488,0.3324775353016688,0.3364114456085138,0.683879249658371,0.6848316700484492,0.302549740639592,0.3063176653290411,0.6808652975537092,0.6817472496015339,113.04545454545456,2034.8181818181815,18.0,0.0,"[1263, 4658, 6242, 6948, 7691, 10690, 11616, 12116, 12616, 14046, 14546, 23146, 23646]"
1733359361,0.01,0.01,3,1000,0.0363162035695059,0.0358791024243009,0.3324775353016688,0.3364114456085138,0.6593233674272226,0.6593233674272226,0.302549740639592,0.3063176653290411,0.6580563267571194,0.6579732979408174,3.2911759685953235,2754.714285714286,837.0,0.0,"[4772, 11035, 12432, 13432, 14865, 19206, 20206, 23055, 24055]"
1733359425,0.1,0.1,2,100,0.0016723921461818,0.0017586265338087,0.3324775353016688,0.3364114456085138,0.6569216116609383,0.6775849931674189,0.302549740639592,0.3063176653290411,0.6568318985640259,0.6774814220732622,1.5550130208333337,124.40104166666669,80.0,0.0,"[199, 322, 433, 533, 673, 796, 896, 996, 1176, 1445, 1545, 1645, 1745, 1845, 1983, 2083, 2245, 2345, 2445, 2548, 2650, 2750, 2860, 2960, 3079, 3179, 3279, 3379, 3479, 3608, 3708, 3808, 3908, 4009, 4139, 4239, 4339, 4439, 4581, 4682, 4830, 4930, 5030, 5130, 5254, 5361, 5489, 5592, 5706, 5811, 5926, 6026, 6126, 6226, 6332, 6432, 6532, 6632, 6734, 6834, 7134, 7254, 7376, 7524, 7624, 7724, 7824, 7924, 8064, 8164, 8264, 8364, 8502, 8700, 8800, 8900, 9226, 9326, 9426, 9643, 9743, 9843, 10229, 10447, 10547, 10881, 11012, 11112, 11229, 11366, 11476, 11589, 11689, 11803, 11903, 12003, 12103, 12203, 12303, 12406, 12517, 12636, 12787, 12887, 13349, 13592, 13694, 13808, 13908, 14008, 14108, 14208, 14308, 14408, 14508, 14608, 14708, 14808, 14908, 15081, 15411, 15511, 15881, 15981, 16255, 16367, 16467, 16567, 16667, 16767, 16867, 16967, 17075, 17175, 17305, 17409, 17513, 17645, 17745, 17846, 17946, 18051, 18151, 18251, 18351, 18488, 18671, 18771, 19051, 19151, 19251, 19351, 19451, 19551, 19724, 19824, 19924, 20024, 20140, 20240, 20354, 20485, 20585, 20694, 20794, 20929, 21029, 21137, 21237, 21474, 21574, 21674, 21791, 21961, 22066, 22166, 22266, 22366, 22466, 22622, 22752, 22852, 22957, 23077, 23177, 23277, 23377, 23477, 23577, 23683, 23783, 23884, 23984, 24084]"
1733359460,0.1,0.1,2,250,0.0043863857413678,0.0044464801350154,0.3324775353016688,0.3364114456085138,0.6921611660938342,0.7010228166797797,0.302549740639592,0.3063176653290411,0.6911268339757366,0.700118002350255,1.5294921875,293.6625,192.0,0.0,"[499, 749, 1026, 1339, 1589, 1845, 2211, 2461, 2711, 2961, 3211, 3461, 3749, 3999, 4249, 4499, 4749, 4999, 5249, 5499, 5749, 6023, 6530, 6780, 7157, 7407, 7703, 8105, 8364, 8669, 8919, 9358, 9608, 10007, 10280, 10530, 10780, 11030, 11280, 11530, 11780, 12030, 12280, 12588, 12838, 13171, 13720, 13970, 14220, 14470, 14720, 15051, 15407, 15856, 16106, 16486, 16736, 17148, 17542, 17999, 18275, 18525, 18775, 19177, 19427, 19677, 19927, 20177, 20427, 20721, 21150, 21400, 21650, 21960, 22210, 22474, 22724, 22974, 23242, 23492, 23742, 23992]"
1733359490,0.1,0.1,2,500,0.0090459232266346,0.0091101080790094,0.3324775353016688,0.3364114456085138,0.6943144643670546,0.7008157687688932,0.302549740639592,0.3063176653290411,0.6924482824912529,0.6990401293250538,1.647109577221743,602.8421052631579,366.0,0.0,"[1020, 1520, 2020, 2520, 3020, 3520, 4085, 4585, 5085, 5585, 6395, 6895, 7402, 7940, 8440, 8940, 9753, 10253, 10753, 11253, 11825, 12325, 12846, 13394, 13894, 14394, 14934, 16228, 16761, 18788, 19288, 19878, 20427, 20928, 21428, 21928, 22428, 22928, 23428, 23928]"
1733359520,0.1,0.1,2,1000,0.0165086200946899,0.0164810137065717,0.3324775353016688,0.3364114456085138,0.679158557290157,0.6825127334465195,0.302549740639592,0.3063176653290411,0.6774388773986613,0.6806963423850206,1.6905479557925651,1151.2631578947369,681.0,0.0,"[1999, 3294, 4294, 5384, 6384, 8618, 9631, 10704, 11704, 12704, 13709, 14709, 15709, 16842, 17842, 18842, 19842, 20853, 21871, 22873, 23873]"
1733359548,0.1,0.1,3,100,0.0013755972605745,0.0014651364009842,0.3324775353016688,0.3364114456085138,0.6461137107126589,0.6704625450329206,0.302549740639592,0.3063176653290411,0.6461100002917135,0.6707049137189075,1.6008983641727004,105.65929203539822,66.0,0.0,"[237, 337, 437, 542, 659, 759, 859, 959, 1059, 1159, 1262, 1367, 1467, 1567, 1667, 1767, 1867, 1967, 2067, 2210, 2370, 2470, 2570, 2670, 2781, 2881, 2982, 3083, 3183, 3283, 3383, 3483, 3584, 3684, 3784, 3921, 4021, 4122, 4222, 4322, 4422, 4522, 4622, 4722, 4831, 4931, 5031, 5131, 5231, 5336, 5439, 5539, 5639, 5739, 5839, 5939, 6039, 6139, 6246, 6346, 6446, 6546, 6646, 6746, 6899, 6999, 7099, 7199, 7299, 7404, 7507, 7607, 7707, 7807, 7907, 8014, 8119, 8219, 8319, 8419, 8519, 8619, 8719, 8819, 8919, 9019, 9121, 9243, 9343, 9445, 9551, 9667, 9780, 9911, 10014, 10124, 10224, 10331, 10470, 10570, 10670, 10770, 10870, 10975, 11075, 11175, 11275, 11375, 11479, 11579, 11679, 11788, 11888, 11988, 12088, 12188, 12288, 12406, 12520, 12620, 12720, 12820, 12920, 13020, 13120, 13220, 13320, 13420, 13583, 13694, 13794, 13894, 13994, 14094, 14221, 14321, 14421, 14527, 14627, 14732, 14835, 14935, 15044, 15144, 15244, 15346, 15448, 15662, 15804, 15904, 16004, 16104, 16205, 16305, 16405, 16505, 16605, 16705, 16818, 16918, 17018, 17118, 17218, 17318, 17418, 17518, 17618, 17718, 17830, 17959, 18153, 18253, 18353, 18453, 18553, 18653, 18753, 18853, 18981, 19081, 19181, 19323, 19423, 19526, 19626, 19726, 19826, 19926, 20026, 20126, 20226, 20351, 20451, 20551, 20651, 20762, 20862, 20962, 21062, 21162, 21277, 21377, 21485, 21585, 21685, 21785, 21963, 22063, 22176, 22276, 22376, 22476, 22580, 22686, 22806, 22906, 23006, 23113, 23213, 23313, 23413, 23513, 23613, 23716, 23816, 23916, 24016, 24116]"
1733359578,0.1,0.1,3,250,0.0039604310504866,0.0040297572049183,0.3324775353016688,0.3364114456085138,0.6849558987949812,0.6950598368462462,0.302549740639592,0.3063176653290411,0.6846285750398229,0.694738550613255,1.371473354231975,271.55172413793105,198.0,0.0,"[499, 749, 1026, 1276, 1526, 1789, 2044, 2294, 2544, 2906, 3160, 3410, 3692, 3942, 4198, 4448, 4698, 4948, 5208, 5939, 6189, 6439, 6689, 6962, 7212, 7462, 7712, 7962, 8219, 8647, 8897, 9147, 9397, 9754, 10004, 10280, 10530, 10780, 11030, 11280, 11530, 11780, 12030, 12369, 12619, 12869, 13134, 13384, 13726, 13976, 14226, 14476, 14726, 14976, 15226, 15476, 15801, 16051, 16301, 16671, 17014, 17264, 17514, 17773, 18023, 18273, 18523, 18773, 19038, 19326, 19587, 19837, 20087, 20337, 20591, 20841, 21091, 21341, 21591, 21841, 22108, 22358, 22608, 22858, 23108, 23374, 23624, 23874, 24124]"
1733359605,0.1,0.1,3,500,0.0079681238238528,0.0080224163871519,0.3324775353016688,0.3364114456085138,0.6910431073750466,0.6974201830303532,0.302549740639592,0.3063176653290411,0.689386370697417,0.6961239183588637,3.2985699841109346,531.0697674418604,161.0,0.0,"[999, 1499, 1999, 2499, 2999, 3499, 3999, 4499, 4999, 5499, 6107, 6607, 7107, 7607, 8113, 8613, 9113, 9626, 10126, 10626, 11126, 11643, 12143, 12643, 13189, 13689, 14189, 14689, 15189, 15689, 16189, 16689, 17231, 17786, 18286, 18786, 19294, 19794, 20294, 20794, 21835, 22335, 22835, 23335, 23835]"
1733359628,0.1,0.1,3,1000,0.0157205831974973,0.0156020012121714,0.3324775353016688,0.3364114456085138,0.6783303656466106,0.6796554722762848,0.302549740639592,0.3063176653290411,0.6759505985009632,0.6774718690380888,12.781927710843377,1060.9,83.0,0.0,"[1999, 2999, 3999, 4999, 6042, 7042, 8111, 9111, 10111, 11111, 12111, 13111, 14111, 15111, 16111, 17111, 18111, 19161, 20161, 21214, 22217, 23217]"
1733359649,0.1,0.01,2,100,0.0031535866206779,0.0032291876009833,0.3324775353016688,0.3364114456085138,0.6762184769555675,0.6883928941156984,0.302549740639592,0.3063176653290411,0.6753360882863649,0.6876646316455565,3.1383177570093457,219.6822429906542,70.0,0.0,"[553, 698, 1279, 1379, 1625, 1725, 1825, 1925, 2508, 2772, 2872, 3271, 3371, 3539, 3653, 3753, 3853, 4019, 4477, 4577, 4787, 4962, 5103, 5392, 5527, 5785, 5886, 5986, 6103, 6203, 6572, 6672, 7728, 7831, 8240, 8349, 8545, 8653, 8754, 9219, 9440, 9644, 9744, 9943, 10249, 10521, 10628, 10728, 10965, 11259, 11368, 11598, 11698, 11798, 11898, 13037, 13137, 13269, 13898, 13998, 14098, 14198, 14475, 14575, 14675, 14775, 15055, 15289, 15409, 15514, 15688, 15799, 16280, 16467, 16689, 17143, 17290, 17544, 17729, 17836, 18077, 18177, 18290, 18426, 18547, 18681, 19153, 19286, 19562, 19762, 20140, 20276, 20538, 20770, 20998, 21800, 22042, 22504, 22667, 22930, 23181, 23281, 23381, 23481, 23581, 23681, 23785, 23959, 24059]"
1733359693,0.1,0.01,2,250,0.0083412074281261,0.0083487364430674,0.3324775353016688,0.3364114456085138,0.6994906621392191,0.7037558491034825,0.302549740639592,0.3063176653290411,0.6967902275324818,0.7012789566436625,4.473502304147465,554.7142857142857,124.0,0.0,"[564, 1027, 2059, 2375, 2625, 3156, 3453, 4137, 4403, 4653, 5285, 5572, 6485, 6742, 7274, 7636, 8343, 8724, 10117, 10597, 10847, 11747, 11997, 13123, 13902, 14152, 14402, 15349, 16226, 16500, 16872, 17186, 17458, 19004, 19715, 19965, 20328, 20578, 21627, 22860, 23110, 23362, 23612, 23862]"
1733359735,0.1,0.01,2,500,0.0118555633773655,0.0118597043355832,0.3324775353016688,0.3364114456085138,0.6881444366226345,0.6922025756760114,0.302549740639592,0.3063176653290411,0.6849946992944332,0.6890811608904093,1.950232724668815,778.1428571428571,399.0,0.0,"[2203, 2887, 3387, 3887, 4387, 4887, 5394, 6962, 7462, 7966, 8810, 10553, 11053, 11875, 12375, 12882, 13382, 13927, 14427, 16749, 17533, 18306, 19930, 20452, 20952, 21938, 22491, 22991, 23491, 23991]"
1733359773,0.1,0.01,2,1000,0.0245736291949385,0.0244612317576001,0.3324775353016688,0.3364114456085138,0.6765083440308087,0.6788686902149157,0.302549740639592,0.3063176653290411,0.6751106822823839,0.6773417942204499,2.18825615352524,1748.4166666666667,799.0,0.0,"[3024, 4024, 5046, 6611, 9440, 10718, 11718, 12718, 13827, 14827, 15833, 17218, 23005, 24005]"
1733359817,0.1,0.01,3,100,0.0022808845534424,0.0023760146746605,0.3324775353016688,0.3364114456085138,0.6700484492111475,0.6880616174582799,0.302549740639592,0.3063176653290411,0.6695964739044014,0.6877408574798,3.0374175545408426,164.0205479452055,54.0,0.0,"[199, 367, 473, 750, 1034, 1392, 1559, 1661, 1761, 2019, 2122, 2222, 2381, 2481, 2581, 2794, 2894, 3108, 3208, 3308, 3440, 3540, 3642, 3789, 4033, 4194, 4294, 4465, 4630, 4824, 4995, 5123, 5306, 5466, 5566, 5791, 5901, 6019, 6393, 6576, 6704, 6804, 6975, 7075, 7175, 7297, 7688, 7813, 7913, 8042, 8142, 8322, 8439, 8660, 8770, 9115, 9242, 9458, 9558, 9695, 9795, 10017, 10127, 10303, 10489, 10589, 10726, 10980, 11298, 11527, 11627, 11753, 11853, 11953, 12246, 12366, 12547, 12779, 12928, 13039, 13223, 13323, 13449, 13620, 13757, 13882, 13982, 14082, 14195, 14356, 14534, 14634, 14734, 15219, 15319, 15419, 15648, 15786, 15970, 16110, 16325, 16449, 16932, 17032, 17132, 17232, 17498, 18022, 18122, 18222, 18322, 18422, 18562, 18690, 18884, 19000, 19100, 19301, 19401, 19531, 19747, 19983, 20151, 20264, 20385, 20524, 20760, 20974, 21484, 21750, 21884, 21984, 22096, 22196, 22354, 22456, 22758, 22875, 22975, 23075, 23175, 23369, 23542, 23642, 23794, 23914, 24015, 24146]"
1733359858,0.1,0.01,3,250,0.0060963327252909,0.0061819593189457,0.3324775353016688,0.3364114456085138,0.6921611660938342,0.7011470454263117,0.302549740639592,0.3063176653290411,0.6908681404674063,0.700252721176803,2.77061701873732,407.280701754386,147.0,0.0,"[675, 925, 1250, 1529, 1853, 2103, 2389, 2639, 2997, 3247, 3525, 3779, 4302, 4615, 5080, 5330, 5615, 5905, 6176, 6426, 6676, 7265, 8800, 9050, 10246, 10496, 10746, 11370, 11758, 12008, 13079, 13368, 13925, 14175, 14425, 14675, 14932, 15182, 15655, 15905, 16984, 17300, 17574, 17948, 18198, 18448, 18698, 18952, 19202, 19452, 20099, 20494, 20744, 21361, 21637, 22931, 23235, 23485, 23890]"
1733359896,0.1,0.01,3,500,0.0116133841112768,0.0115960188026218,0.3324775353016688,0.3364114456085138,0.6924924427512527,0.6958880284897926,0.302549740639592,0.3063176653290411,0.6901901708827557,0.6935269237242235,1.9337258200168208,792.8275862068965,410.0,0.0,"[999, 1499, 1999, 3598, 4401, 4901, 6000, 6630, 7163, 7663, 9478, 10121, 10629, 11129, 11634, 12134, 12634, 13938, 14438, 14974, 16252, 16864, 17566, 18066, 18658, 19795, 20554, 21219, 22991, 23491, 23991]"
1733359934,0.1,0.01,3,1000,0.0190023971547016,0.0188275566966195,0.3324775353016688,0.3364114456085138,0.6745206840862976,0.6753074661476666,0.302549740639592,0.3063176653290411,0.6714907498088986,0.6724893748083455,1.7891260162601623,1320.375,738.0,0.0,"[2072, 3717, 4797, 7161, 8161, 9475, 10716, 11716, 12716, 13766, 14766, 15766, 17259, 18277, 19657, 20657, 22098, 23198]"
1733359967,0.01,0.1,2,100,0.0074511895113753,0.007519642085995,0.3324775353016688,0.3364114456085138,0.6975858213590624,0.7048739078222701,0.302549740639592,0.3063176653290411,0.6960963729322837,0.7035443771608851,4.015028706518068,505.8936170212766,126.0,0.0,"[292, 805, 1523, 2246, 2897, 3151, 3314, 3640, 3802, 4360, 4520, 4903, 5160, 5921, 6168, 7305, 10499, 10606, 10750, 10968, 11805, 11905, 13628, 13812, 13922, 14022, 14154, 15995, 16232, 16967, 17313, 19247, 19348, 19632, 20058, 20765, 21466, 21694, 21857, 22295, 22400, 22524, 22881, 23055, 23176, 23318, 23418, 23646, 24069]"
1733360030,0.01,0.1,2,250,0.0095547162244922,0.0095568956761857,0.3324775353016688,0.3364114456085138,0.695556751832374,0.6995734813035737,0.302549740639592,0.3063176653290411,0.6931830170452499,0.6972579264425272,2.977549467275495,652.0833333333334,219.0,0.0,"[657, 1027, 3330, 3622, 4793, 5051, 5323, 6609, 6961, 7237, 7580, 9363, 9919, 10384, 10634, 11842, 12092, 12773, 13245, 13747, 13997, 14247, 15441, 16057, 17144, 18444, 18858, 19108, 19413, 20257, 20507, 20757, 22624, 22874, 23303, 23553, 23803, 24132]"
1733360087,0.01,0.1,2,500,0.0194463998969361,0.0193290727474337,0.3324775353016688,0.3364114456085138,0.6825127334465195,0.6843347550623214,0.302549740639592,0.3063176653290411,0.6799047991300244,0.6818798340690572,2.884787472035794,1289.5,447.0,0.0,"[3314, 3814, 5332, 6008, 8100, 10418, 10918, 11874, 12374, 12923, 13424, 13975, 14475, 16385, 16885, 22946, 23446, 23946]"
1733360152,0.01,0.1,2,1000,0.0337156818087705,0.0333554184438279,0.3324775353016688,0.3364114456085138,0.6696343533893743,0.6699656300467929,0.302549740639592,0.3063176653290411,0.6669926784877179,0.6674025414172223,54.16304347826087,2491.5,46.0,0.0,"[3425, 4425, 9419, 10838, 11838, 12838, 14074, 15074, 22357, 23357]"
1733360225,0.01,0.1,3,100,0.0045436664044059,0.0046176860325479,0.3324775353016688,0.3364114456085138,0.6959708476541472,0.7058263282123484,0.302549740639592,0.3063176653290411,0.6954229974789539,0.7054679812107111,inf,303.34615384615387,0.0,0.0,"[337, 706, 909, 1035, 1202, 1302, 1801, 1906, 2156, 2414, 2517, 2778, 3026, 3126, 3286, 3386, 4229, 4329, 4824, 5032, 5414, 6297, 6478, 6653, 7065, 8285, 8608, 9152, 9908, 10100, 10544, 10763, 10863, 11199, 11393, 11522, 11667, 11809, 11909, 12211, 12362, 12585, 12850, 12950, 13050, 13150, 13828, 13928, 14028, 14159, 14595, 14696, 14796, 15219, 15890, 16142, 16499, 17302, 17441, 17734, 18110, 18304, 18682, 19371, 19609, 20740, 21519, 21657, 22335, 22454, 22583, 22864, 23041, 23206, 23306, 23406, 23528, 23628, 23845, 23998]"
1733360288,0.01,0.1,3,250,0.0083459130624644,0.0083572065848764,0.3324775353016688,0.3364114456085138,0.6996977100501056,0.7041285353430784,0.302549740639592,0.3063176653290411,0.6981504824621921,0.7026758382338273,3.6103896103896105,556.0,154.0,0.0,"[694, 1037, 1295, 2641, 2992, 3265, 3515, 4226, 4493, 5022, 6094, 6530, 7155, 7436, 7688, 8780, 9754, 10004, 10568, 10944, 11825, 12075, 13932, 14182, 14809, 15132, 15384, 16056, 16607, 17520, 17935, 18864, 19114, 19870, 20120, 20503, 21243, 22304, 22796, 23046, 23296, 23546, 23796, 24046]"
1733360347,0.01,0.1,3,500,0.0175224646983311,0.0173920245144726,0.3324775353016688,0.3364114456085138,0.6829268292682927,0.6842519358979667,0.302549740639592,0.3063176653290411,0.6816359115930902,0.6829486585413465,1274.2777777777778,1274.2777777777778,1.0,0.0,"[1065, 2622, 3122, 3622, 10299, 10799, 11384, 11884, 12384, 12975, 14029, 14529, 15029, 15532, 16053, 20158, 22058, 23002, 23502, 24002]"
1733360415,0.01,0.1,3,1000,0.0213000538324568,0.0211395917015197,0.3324775353016688,0.3364114456085138,0.6732783966209781,0.6746449128328296,0.302549740639592,0.3063176653290411,0.6703805737787629,0.6716742663534797,8.90016708437761,1521.928571428571,171.0,0.0,"[2003, 3405, 4405, 8054, 9700, 10707, 11707, 12707, 14199, 15199, 16533, 17533, 18653, 20257, 22310, 23310]"
1733360465,0.01,0.01,2,100,0.0218202617085593,0.0215485113255207,0.3324775353016688,0.3364114456085138,0.6816017226386186,0.6811876268168454,0.302549740639592,0.3063176653290411,0.679827644899432,0.6794887702057029,80.28571428571428,1445.142857142857,18.0,0.0,"[3380, 3483, 4315, 5061, 10578, 11826, 11926, 13898, 14046, 17534, 18089, 18285, 18422, 22792, 23329, 23612]"
1733360521,0.01,0.01,2,250,0.0237608182533438,0.0235758554529518,0.3324775353016688,0.3364114456085138,0.6888898091018262,0.690049277402791,0.302549740639592,0.3063176653290411,0.6872732503903171,0.6884646801441607,10.71002331002331,1767.1538461538462,165.0,0.0,"[641, 1037, 3219, 3633, 10624, 11273, 11755, 12005, 13943, 14193, 19914, 22051, 22981, 23364, 23614]"
1733360577,0.01,0.01,2,500,0.0244079908662293,0.0241536177185686,0.3324775353016688,0.3364114456085138,0.674189407428879,0.6745620936684749,0.302549740639592,0.3063176653290411,0.6720066930222321,0.6722515342450119,4.479930191972077,1711.3333333333333,382.0,0.0,"[3380, 4364, 4864, 10123, 10731, 11278, 11942, 12442, 14410, 18191, 20017, 22916, 23416, 23916]"
1733360632,0.01,0.01,2,1000,0.0403639902273386,0.0398670752412108,0.3324775353016688,0.3364114456085138,0.6553894571203777,0.6553480475382003,0.302549740639592,0.3063176653290411,0.6535315646949158,0.6535536976315731,0.8912180814354727,3443.6666666666665,3864.0,0.0,"[3467, 4467, 10935, 11935, 12935, 17892, 23129, 24129]"
1733360694,0.01,0.01,3,100,0.0126861212827505,0.0126284436504321,0.3324775353016688,0.3364114456085138,0.687688931218684,0.6900078678206137,0.302549740639592,0.3063176653290411,0.686734080696095,0.6890454148287639,7.206575682382134,893.6153846153846,124.0,0.0,"[199, 528, 944, 2923, 3112, 3586, 5002, 10564, 11846, 12336, 12482, 12585, 12957, 13669, 13769, 13901, 14001, 14152, 14611, 15029, 15310, 15776, 20534, 20778, 22929, 23233, 23333, 23433]"
1733360751,0.01,0.01,3,250,0.0399832521245416,0.0396565765318094,0.3324775353016688,0.3364114456085138,0.6923268044225434,0.693320634394799,0.302549740639592,0.3063176653290411,0.6878179500923683,0.6888304115520896,13.82127659574468,3248.0,235.0,0.0,"[718, 985, 7251, 10652, 11989, 14263, 14749, 22892, 23454]"
1733360812,0.01,0.01,3,500,0.0341753281709387,0.0337860780984719,0.3324775353016688,0.3364114456085138,0.6742308170110564,0.6742722265932337,0.302549740639592,0.3063176653290411,0.6729560582629525,0.6729659154594447,27.1875,2827.5,104.0,0.0,"[1327, 4391, 10859, 12094, 12594, 14132, 14632, 22947, 23447, 23947]"
1733360876,0.01,0.01,3,1000,0.0361643684348558,0.0358100864540054,0.3324775353016688,0.3364114456085138,0.6579568512153713,0.6587022236945629,0.302549740639592,0.3063176653290411,0.6558529166121373,0.6565400134907576,3.832244897959184,2682.5714285714284,700.0,0.0,"[4772, 11000, 12508, 13508, 14728, 15804, 20170, 21777, 23550]"
1733360938,0.1,0.1,2,100,0.0015640236797853,0.0016584131685719,0.3324775353016688,0.3364114456085138,0.6515383659778873,0.6747277319971842,0.302549740639592,0.3063176653290411,0.6512024493601493,0.674394532401635,1.4764232673267326,118.1138613861386,80.0,0.0,"[199, 331, 431, 531, 648, 748, 848, 1032, 1242, 1385, 1485, 1585, 1685, 1785, 1885, 1991, 2091, 2252, 2352, 2452, 2552, 2749, 2849, 2962, 3067, 3271, 3371, 3471, 3622, 3722, 3822, 3932, 4032, 4144, 4244, 4344, 4444, 4554, 4712, 4812, 4912, 5012, 5112, 5220, 5320, 5600, 5751, 5853, 5953, 6053, 6153, 6269, 6369, 6469, 6569, 6669, 6769, 6890, 6990, 7090, 7190, 7290, 7458, 7558, 7658, 7758, 7860, 8026, 8257, 8357, 8504, 8692, 8792, 8895, 9060, 9160, 9260, 9362, 9465, 9565, 9665, 9767, 9867, 10015, 10124, 10224, 10449, 10549, 10723, 10823, 10942, 11059, 11159, 11267, 11367, 11467, 11567, 11667, 11767, 11867, 12007, 12107, 12255, 12355, 12455, 12555, 12732, 12832, 12932, 13041, 13141, 13264, 13364, 13476, 13592, 13694, 13808, 13908, 14008, 14108, 14208, 14308, 14408, 14508, 14608, 14708, 14808, 14908, 15081, 15411, 15511, 15881, 15981, 16255, 16367, 16467, 16567, 16667, 16767, 16867, 16967, 17075, 17175, 17305, 17409, 17514, 17621, 17721, 17826, 17946, 18050, 18150, 18257, 18357, 18457, 18557, 18657, 18757, 18857, 18979, 19079, 19179, 19345, 19706, 19806, 19924, 20024, 20155, 20255, 20355, 20455, 20555, 20655, 20780, 20894, 20994, 21098, 21198, 21401, 21501, 21601, 21701, 21801, 21954, 22061, 22161, 22261, 22361, 22461, 22561, 22677, 22777, 22883, 23041, 23141, 23241, 23341, 23441, 23541, 23641, 23746, 23846, 23946, 24058]"
1733360972,0.1,0.1,2,250,0.0042365946337125,0.0042957511796801,0.3324775353016688,0.3364114456085138,0.688351484533521,0.6972545447016439,0.302549740639592,0.3063176653290411,0.6882764863197811,0.6970540216675466,3.321894498014748,285.6829268292683,86.0,0.0,"[499, 749, 1026, 1339, 1589, 1845, 2211, 2461, 2711, 2961, 3211, 3461, 4137, 4387, 4637, 4887, 5137, 5387, 5670, 5920, 6294, 6544, 6794, 7179, 7429, 7704, 8103, 8360, 8614, 8944, 9324, 9607, 10007, 10276, 10526, 10776, 11026, 11276, 11526, 11776, 12026, 12276, 12526, 12926, 13176, 13614, 13864, 14114, 14364, 14624, 14874, 15124, 15597, 15847, 16097, 16347, 16637, 17075, 17325, 17608, 17858, 18157, 18407, 18657, 18986, 19236, 19611, 19861, 20111, 20361, 20611, 20861, 21111, 21409, 21659, 21909, 22159, 22423, 22673, 22923, 23175, 23425, 23675, 23925]"
1733361000,0.1,0.1,2,500,0.0090624870595055,0.009116319516336,0.3324775353016688,0.3364114456085138,0.6949770176818916,0.701064226261957,0.302549740639592,0.3063176653290411,0.6933446714997373,0.6996137692371155,1.5932191590086326,602.2368421052631,378.0,0.0,"[1020, 1520, 2020, 2520, 3020, 3520, 4085, 4585, 5085, 5585, 6330, 6830, 7330, 7830, 9196, 10088, 10588, 11088, 11796, 12296, 12807, 13406, 13906, 14406, 14934, 16188, 16977, 17477, 17978, 18478, 19131, 19634, 20135, 20905, 21405, 21905, 22405, 22905, 23405, 23905]"
1733361030,0.1,0.1,2,1000,0.0172822891217027,0.0171145803138846,0.3324775353016688,0.3364114456085138,0.6781233177357241,0.6787030518862065,0.302549740639592,0.3063176653290411,0.6743428641802361,0.6749578111954259,2.433425160697888,1177.7777777777778,484.0,0.0,"[1999, 3310, 4310, 5341, 7063, 8075, 9088, 10512, 11512, 12512, 13512, 14512, 15512, 16544, 17544, 18544, 19992, 21050, 22199, 23199]"
1733361059,0.1,0.1,3,100,0.0013771434497553,0.0014669252872194,0.3324775353016688,0.3364114456085138,0.6437119549463746,0.6679365605201043,0.302549740639592,0.3063176653290411,0.6442742453040404,0.6685287041269817,2.7388965201465205,106.81696428571428,39.0,0.0,"[199, 345, 459, 559, 659, 759, 859, 959, 1059, 1159, 1259, 1401, 1501, 1601, 1701, 1801, 1901, 2025, 2127, 2227, 2345, 2445, 2545, 2645, 2745, 2845, 2945, 3049, 3149, 3249, 3349, 3472, 3572, 3699, 3799, 3899, 3999, 4113, 4213, 4313, 4413, 4513, 4613, 4713, 4857, 4957, 5057, 5157, 5272, 5372, 5506, 5606, 5706, 5951, 6051, 6151, 6276, 6376, 6476, 6577, 6677, 6781, 6881, 6981, 7081, 7181, 7281, 7381, 7532, 7632, 7732, 7918, 8018, 8164, 8282, 8382, 8484, 8586, 8699, 8799, 8899, 8999, 9115, 9217, 9321, 9421, 9521, 9624, 9726, 9826, 9926, 10026, 10126, 10226, 10326, 10426, 10526, 10653, 10774, 10874, 10974, 11074, 11174, 11274, 11374, 11474, 11574, 11677, 11777, 11877, 12011, 12111, 12211, 12311, 12411, 12537, 12637, 12763, 12863, 12963, 13063, 13163, 13267, 13367, 13467, 13567, 13667, 13767, 13867, 13967, 14067, 14167, 14267, 14367, 14467, 14567, 14667, 14767, 14903, 15030, 15130, 15231, 15331, 15431, 15531, 15645, 15745, 15845, 15945, 16045, 16145, 16245, 16345, 16469, 16569, 16669, 16769, 16869, 16974, 17074, 17174, 17324, 17424, 17524, 17631, 17731, 17831, 18014, 18114, 18220, 18320, 18420, 18520, 18620, 18720, 18881, 18981, 19081, 19181, 19323, 19423, 19526, 19626, 19726, 19826, 19926, 20026, 20126, 20226, 20352, 20452, 20552, 20652, 20752, 20852, 20952, 21052, 21152, 21254, 21354, 21466, 21567, 21667, 21800, 21947, 22047, 22147, 22249, 22349, 22449, 22553, 22653, 22753, 22853, 22953, 23078, 23178, 23313, 23413, 23513, 23613, 23713, 23813, 23913, 24026, 24126]"
1733361090,0.1,0.1,3,250,0.0039684182919927,0.0040447959657864,0.3324775353016688,0.3364114456085138,0.6896351815810179,0.7004430825292973,0.302549740639592,0.3063176653290411,0.6888989265654676,0.699850925205668,1.3513544536271809,267.5681818181818,198.0,0.0,"[499, 749, 1026, 1276, 1526, 1789, 2054, 2304, 2554, 2816, 3143, 3393, 3699, 3949, 4199, 4449, 4699, 4949, 5199, 5475, 5725, 5980, 6230, 6480, 6760, 7043, 7293, 7543, 7793, 8214, 8525, 8775, 9030, 9282, 9577, 9827, 10077, 10375, 10625, 10875, 11125, 11405, 11655, 11905, 12155, 12405, 12655, 12909, 13159, 13409, 13726, 13976, 14226, 14476, 14726, 14976, 15226, 15476, 15801, 16051, 16301, 16671, 17014, 17264, 17514, 17773, 18023, 18273, 18523, 18781, 19038, 19455, 19716, 19966, 20216, 20466, 20716, 21000, 21250, 21502, 21752, 22002, 22295, 22545, 22795, 23045, 23295, 23545, 23795, 24045]"
1733361115,0.1,0.1,3,500,0.0077507935336236,0.007805706240424,0.3324775353016688,0.3364114456085138,0.6890140378483581,0.6954739326680194,0.302549740639592,0.3063176653290411,0.6874148444406679,0.6941141474649254,3.2320722755505367,520.3636363636364,161.0,0.0,"[999, 1499, 1999, 2499, 2999, 3499, 3999, 4499, 4999, 5499, 6106, 6606, 7106, 7606, 8116, 8616, 9116, 9626, 10126, 10626, 11126, 11643, 12143, 12643, 13189, 13689, 14189, 14689, 15189, 15689, 16189, 16689, 17191, 17895, 18395, 18895, 19395, 19895, 20395, 20895, 21395, 21895, 22395, 22895, 23395, 23895]"
1733361137,0.1,0.1,3,1000,0.0156151769883187,0.0155511803613174,0.3324775353016688,0.3364114456085138,0.6760114290446809,0.6785374135574972,0.302549740639592,0.3063176653290411,0.6744381310713047,0.676585469292517,21.656,1082.8,50.0,0.0,"[1999, 2999, 3999, 4999, 6000, 7000, 8078, 9078, 10078, 11078, 12078, 13078, 14078, 15078, 16228, 17228, 18228, 19228, 20228, 21575, 22655, 23655]"
1733361160,0.1,0.01,2,100,0.0031426515338892,0.0032292012912328,0.3324775353016688,0.3364114456085138,0.6813118555633774,0.6948527889353596,0.302549740639592,0.3063176653290411,0.6798789728902653,0.6935877319821547,3.5941896024464834,215.651376146789,60.0,0.0,"[553, 698, 1279, 1379, 1625, 1725, 1825, 1925, 2508, 2772, 2872, 3271, 3371, 3506, 3606, 3816, 3918, 4018, 4241, 4341, 4596, 4774, 4957, 5057, 5229, 5614, 5717, 5929, 6037, 6137, 6248, 6398, 6551, 6651, 7155, 7417, 7557, 7681, 7836, 7936, 8057, 8331, 8768, 9247, 9610, 9775, 10207, 10307, 10407, 10508, 10608, 10837, 11772, 11872, 12167, 12281, 12425, 12589, 12837, 12937, 13111, 13211, 13341, 13888, 13988, 14088, 14313, 14470, 14604, 14751, 14872, 15955, 16090, 16257, 16441, 16549, 16717, 16825, 16932, 17371, 17481, 17716, 18034, 18134, 18301, 18434, 18534, 18681, 19153, 19286, 19562, 19762, 20140, 20276, 20538, 20770, 20998, 21800, 22042, 22504, 22667, 22930, 23181, 23281, 23381, 23481, 23581, 23681, 23785, 23959, 24059]"
1733361203,0.1,0.01,2,250,0.0077453539770379,0.007774428790056,0.3324775353016688,0.3364114456085138,0.6965091722224522,0.7018095987411487,0.302549740639592,0.3063176653290411,0.6952255369713831,0.7007368695448043,3.137912457912458,517.7555555555556,165.0,0.0,"[564, 1027, 2059, 2375, 2625, 3098, 3720, 3970, 4334, 4596, 5198, 5664, 5914, 6588, 6838, 8757, 10464, 10714, 11731, 11981, 12305, 12555, 13943, 14193, 14443, 14947, 15240, 15490, 15740, 16125, 16485, 16743, 17330, 18185, 18435, 18748, 19459, 19712, 19962, 20327, 20577, 21647, 22852, 23102, 23363, 23613, 23863]"
1733361245,0.1,0.01,2,500,0.0131973872087334,0.0132111904027925,0.3324775353016688,0.3364114456085138,0.6888069899374716,0.6931135864839124,0.302549740639592,0.3063176653290411,0.6862640670294353,0.6906502254186986,2.175678391959799,865.92,398.0,0.0,"[2203, 2887, 3387, 3887, 4387, 4887, 5393, 6971, 7471, 7971, 8717, 10566, 11066, 11885, 12385, 13410, 13926, 14426, 16762, 17429, 18054, 19983, 21010, 21869, 22851, 23351, 23851]"
1733361285,0.1,0.01,2,1000,0.0212068822725578,0.0210283034494181,0.3324775353016688,0.3364114456085138,0.6717876516625947,0.6728643007992049,0.302549740639592,0.3063176653290411,0.6713406588113715,0.6723365149547856,7.110358835477318,1500.2857142857142,211.0,0.0,"[3024, 4024, 5049, 9409, 10734, 11734, 12734, 14239, 15239, 16342, 17342, 19110, 20139, 22028, 23028, 24028]"
1733361324,0.1,0.01,3,100,0.0023066565189391,0.0024088953494183,0.3324775353016688,0.3364114456085138,0.6669427305478488,0.6857012712741728,0.302549740639592,0.3063176653290411,0.6666570530682127,0.685432327743103,1.8155214350866524,167.02797202797203,92.0,0.0,"[199, 367, 473, 750, 1034, 1392, 1548, 1837, 2058, 2210, 2381, 2481, 2581, 2794, 2894, 3108, 3208, 3308, 3452, 3624, 3724, 3849, 4021, 4203, 4303, 4465, 4646, 4756, 4984, 5088, 5188, 5389, 5506, 5645, 5883, 6087, 6187, 6287, 6387, 6601, 6704, 6804, 6975, 7075, 7175, 7297, 7688, 7813, 7913, 8042, 8142, 8322, 8439, 8660, 8770, 9115, 9242, 9458, 9558, 9695, 9795, 10017, 10127, 10303, 10511, 10611, 10717, 10817, 11055, 11399, 11499, 11599, 11841, 11941, 12276, 12376, 12903, 13003, 13406, 13506, 13817, 13917, 14017, 14120, 14252, 14480, 14580, 14683, 14789, 15003, 15103, 15203, 15303, 15403, 15543, 15655, 15791, 15977, 16091, 16325, 16449, 16932, 17032, 17132, 17232, 17498, 18022, 18122, 18222, 18322, 18422, 18562, 18690, 18884, 19000, 19100, 19226, 19361, 19542, 19826, 20000, 20129, 20229, 20367, 20491, 20625, 20768, 21034, 21134, 21234, 21485, 21757, 21944, 22044, 22592, 22692, 22876, 22976, 23076, 23176, 23361, 23634, 23778, 23984, 24084]"
1733361365,0.1,0.01,3,250,0.0063727167519195,0.0064475445933978,0.3324775353016688,0.3364114456085138,0.6957223901610833,0.7039214874321919,0.302549740639592,0.3063176653290411,0.6945571562963143,0.7029849270284242,2.8406926406926405,417.58181818181816,147.0,0.0,"[675, 925, 1250, 1529, 1850, 2100, 2350, 2600, 2959, 3209, 3459, 3720, 4188, 4438, 4971, 5327, 5577, 5974, 6643, 6899, 7284, 7662, 8197, 8755, 9467, 10009, 10259, 10664, 11140, 11572, 11832, 12082, 13102, 13352, 13602, 13925, 14175, 14425, 15598, 15848, 16116, 16969, 17222, 17907, 18157, 18407, 18660, 18910, 19408, 19659, 19909, 20183, 20445, 20982, 22891, 23392, 23642]"
1733361404,0.1,0.01,3,500,0.01086813306781,0.0109007587992225,0.3324775353016688,0.3364114456085138,0.6911259265394012,0.6961364859828564,0.302549740639592,0.3063176653290411,0.6892482876294852,0.6942374939111491,2.0249226690234203,739.0967741935484,365.0,0.0,"[999, 1499, 1999, 3598, 4401, 4901, 6082, 6673, 7306, 7806, 8734, 9234, 10440, 10940, 11728, 12228, 12728, 13835, 14393, 14893, 16323, 16878, 17435, 17935, 18465, 19287, 20056, 20556, 21386, 22053, 22911, 23411, 23911]"
1733361440,0.1,0.01,3,1000,0.0181199613801159,0.017766890205762,0.3324775353016688,0.3364114456085138,0.6767568015238726,0.6739823595179925,0.302549740639592,0.3063176653290411,0.6737077198813489,0.6713977268610813,2.1421484256353143,1244.5882352941176,581.0,0.0,"[2072, 3717, 4797, 7161, 8161, 9475, 10609, 11609, 12609, 13609, 14609, 15609, 16788, 17788, 18788, 19855, 20855, 21855, 23230]"
1733361469,0.01,0.1,2,100,0.0057427860235429,0.0058459813315086,0.3324775353016688,0.3364114456085138,0.6942730547848772,0.7047082694935608,0.302549740639592,0.3063176653290411,0.6924964512663276,0.7029912754502861,4.148064178583885,389.9180327868853,94.0,0.0,"[292, 805, 1523, 2246, 2897, 3151, 3314, 3640, 3815, 4204, 4323, 4550, 5640, 5983, 6417, 6556, 6704, 7074, 7790, 8064, 8663, 9488, 9824, 9924, 10024, 10197, 10542, 10763, 11261, 11552, 11813, 11913, 12067, 12575, 12818, 13822, 13922, 14022, 14122, 16122, 16672, 17138, 17725, 18373, 18508, 19866, 20100, 20282, 20384, 20528, 20671, 21505, 21657, 22156, 22323, 22734, 22835, 23159, 23259, 23359, 23459, 23639, 24077]"
1733361531,0.01,0.1,2,250,0.0127255929780771,0.0127070300619287,0.3324775353016688,0.3364114456085138,0.7015197316659075,0.7049153174044474,0.302549740639592,0.3063176653290411,0.6991761523619483,0.7027286487429972,5.682261208576998,863.7037037037037,152.0,0.0,"[657, 1027, 3330, 3622, 4793, 5051, 5323, 6609, 6961, 7237, 7580, 9363, 9919, 10384, 10634, 10950, 11830, 12080, 13930, 14180, 14430, 15437, 16081, 17330, 22762, 23012, 23325, 23575, 23977]"
1733361592,0.01,0.1,2,500,0.0182289339647931,0.0181134230250353,0.3324775353016688,0.3364114456085138,0.6788272806327385,0.6805664830841857,0.302549740639592,0.3063176653290411,0.6768777101047739,0.6788096873179889,2.679132580184392,1213.6470588235295,453.0,0.0,"[3314, 3814, 5332, 5834, 7705, 9444, 10725, 11225, 11904, 12404, 12919, 13456, 13981, 14481, 16385, 16885, 22946, 23446, 23946]"
1733361656,0.01,0.1,2,1000,0.0306355617962723,0.0303344011986191,0.3324775353016688,0.3364114456085138,0.6694687150606651,0.6700898587933247,0.302549740639592,0.3063176653290411,0.6676328298849832,0.6682698373520509,17.37962962962963,2294.1111111111118,132.0,0.0,"[3425, 4425, 9412, 10810, 11810, 12810, 14160, 15160, 17531, 23072, 24072]"
1733361727,0.01,0.1,3,100,0.006077546344224,0.0061113641696688,0.3324775353016688,0.3364114456085138,0.697130315955112,0.7030932957886455,0.302549740639592,0.3063176653290411,0.6965835769071324,0.7026776569320649,16.235862068965517,405.8965517241379,25.0,0.0,"[299, 807, 1263, 1563, 1679, 1786, 1932, 2032, 2171, 2386, 2552, 3290, 3390, 4623, 4824, 5072, 5255, 6791, 7513, 10578, 10825, 11834, 11934, 12275, 12569, 12845, 12945, 13060, 13160, 13747, 13853, 13953, 14053, 14459, 14573, 14698, 14798, 15219, 15890, 16142, 16499, 17302, 17441, 17761, 18370, 18492, 19409, 19603, 20726, 21990, 22339, 22446, 22793, 22935, 23071, 23171, 23319, 23419, 23740, 23841]"
1733361795,0.01,0.1,3,250,0.0080242568130265,0.0080813100151375,0.3324775353016688,0.3364114456085138,0.6935690918878629,0.7000703962897015,0.302549740639592,0.3063176653290411,0.6925260699040613,0.6990630135398644,7.763455149501661,543.4418604651163,70.0,0.0,"[641, 892, 1142, 1779, 2029, 2502, 3136, 3386, 3844, 4661, 5457, 6080, 6563, 6813, 7415, 8350, 8629, 10585, 10835, 11085, 11335, 11656, 11906, 12156, 13214, 13848, 14098, 14348, 16006, 16256, 16706, 17518, 17935, 18864, 19114, 19911, 20161, 20487, 21243, 21687, 22888, 23168, 23418, 23759, 24009]"
1733361853,0.01,0.1,3,500,0.0162607900195377,0.0161836176163891,0.3324775353016688,0.3364114456085138,0.6902149157315003,0.6924510331690753,0.302549740639592,0.3063176653290411,0.6894024144137497,0.6916429975296273,76.03,1140.45,15.0,0.0,"[1069, 2711, 3319, 3819, 4865, 6744, 7484, 7984, 8715, 10645, 11145, 11796, 12296, 13220, 14043, 14543, 15055, 16246, 17040, 22878, 23378, 23878]"
1733361917,0.01,0.1,3,1000,0.0227255786989109,0.0225102488715888,0.3324775353016688,0.3364114456085138,0.6733612157853327,0.674065178682347,0.302549740639592,0.3063176653290411,0.6713674731106667,0.6720646239297107,4.855437665782493,1689.6923076923076,348.0,0.0,"[2003, 3405, 4405, 9347, 10376, 11376, 12376, 13376, 14376, 15376, 16462, 19409, 20545, 22969, 23969]"
1733361976,0.01,0.01,2,100,0.0206268436398535,0.0204076164400912,0.3324775353016688,0.3364114456085138,0.6831338771791793,0.6833409250900658,0.302549740639592,0.3063176653290411,0.6801133221440184,0.6803814088502148,74.93333333333334,1348.8,18.0,0.0,"[3380, 3492, 3592, 6562, 6704, 10578, 11826, 11926, 13898, 14046, 17534, 18089, 18285, 18422, 22792, 23329, 23612]"
1733362032,0.01,0.01,2,250,0.0237608182533438,0.0235758554529518,0.3324775353016688,0.3364114456085138,0.6888898091018262,0.690049277402791,0.302549740639592,0.3063176653290411,0.6872732503903171,0.6884646801441607,10.71095571095571,1767.3076923076924,165.0,0.0,"[641, 1037, 3219, 3633, 10624, 11273, 11755, 12005, 13943, 14193, 19914, 22051, 22981, 23366, 23616]"
1733362088,0.01,0.01,2,500,0.0227062542272281,0.0225047275939652,0.3324775353016688,0.3364114456085138,0.6730713487100916,0.6739823595179925,0.302549740639592,0.3063176653290411,0.6708259410812808,0.6716287722735103,3.204662004662005,1586.3076923076924,495.0,0.0,"[3380, 4364, 4864, 10123, 10731, 11278, 11978, 12478, 14523, 16367, 17303, 22008, 23002, 23502, 24002]"
1733362142,0.01,0.01,2,1000,0.0403639902273386,0.0398308418568056,0.3324775353016688,0.3364114456085138,0.6553894571203777,0.6550581804629592,0.302549740639592,0.3063176653290411,0.6534973332607156,0.6532565537158749,0.8913906142167012,3444.333333333333,3864.0,0.0,"[3467, 4467, 10935, 11935, 12935, 17892, 23133, 24133]"
1733362204,0.01,0.01,3,100,0.0143553218214694,0.0142983836459756,0.3324775353016688,0.3364114456085138,0.6770052590169365,0.67957265311193,0.302549740639592,0.3063176653290411,0.6753184861968381,0.6779079031836268,23.92768595041322,1052.8181818181818,44.0,0.0,"[199, 528, 1265, 1560, 3495, 3639, 4240, 4341, 4615, 5809, 6958, 9198, 11095, 11602, 11882, 13919, 14072, 15100, 15823, 16649, 19762, 20140, 20743, 23361]"
1733362262,0.01,0.01,3,250,0.0277476054112767,0.027537372147915,0.3324775353016688,0.3364114456085138,0.693196405648267,0.6943972835314092,0.302549740639592,0.3063176653290411,0.687367181953749,0.6886268565259298,12.316299085529854,2081.454545454545,169.0,0.0,"[718, 1027, 7383, 10595, 10845, 11772, 12022, 13947, 14197, 19918, 21026, 23364, 23614]"
1733362322,0.01,0.01,3,500,0.0262600458053685,0.025982920140028,0.3324775353016688,0.3364114456085138,0.6738581307714605,0.674189407428879,0.302549740639592,0.3063176653290411,0.6728907516635045,0.6731295818663554,4.281969068276123,2063.909090909091,482.0,0.0,"[1327, 4362, 10858, 12201, 13010, 13510, 14010, 14510, 15049, 20000, 22996, 23496, 24030]"
1733362382,0.01,0.01,3,1000,0.0361229588526785,0.0357732779365145,0.3324775353016688,0.3364114456085138,0.6575841649757754,0.6583709470371444,0.302549740639592,0.3063176653290411,0.6565801601268834,0.6574685852210468,3.800394088669951,2755.285714285714,725.0,0.0,"[4772, 11000, 12457, 13457, 14753, 15803, 20194, 23059, 24059]"
1733362445,0.1,0.1,2,100,0.0015631607301712,0.001656179299003,0.3324775353016688,0.3364114456085138,0.6497991635264401,0.672615843306141,0.302549740639592,0.3063176653290411,0.6500059826013499,0.6729518022809214,1.5025505384470057,118.70149253731344,79.0,0.0,"[199, 322, 433, 533, 673, 796, 896, 996, 1176, 1445, 1545, 1645, 1745, 1845, 1983, 2083, 2245, 2345, 2445, 2548, 2650, 2750, 2850, 3020, 3123, 3224, 3324, 3473, 3584, 3684, 3784, 3894, 3994, 4094, 4196, 4296, 4396, 4496, 4596, 4696, 4869, 4969, 5069, 5172, 5379, 5489, 5592, 5727, 5827, 5927, 6027, 6127, 6227, 6327, 6427, 6527, 6627, 6762, 6890, 6990, 7090, 7190, 7290, 7458, 7558, 7658, 7758, 7860, 8026, 8257, 8357, 8504, 8692, 8792, 8895, 8995, 9108, 9208, 9433, 9643, 9743, 9843, 10229, 10428, 10528, 10628, 10728, 10828, 10953, 11059, 11159, 11263, 11363, 11485, 11588, 11688, 11804, 11904, 12004, 12104, 12204, 12304, 12411, 12520, 12673, 12773, 12873, 12973, 13073, 13173, 13358, 13477, 13591, 13691, 13807, 13907, 14007, 14107, 14210, 14310, 14410, 14510, 14610, 14710, 14810, 14910, 15098, 15198, 15298, 15398, 15500, 15711, 15952, 16064, 16165, 16303, 16403, 16503, 16632, 16732, 16832, 16932, 17032, 17132, 17232, 17332, 17432, 17532, 17690, 17834, 17934, 18083, 18183, 18284, 18409, 18509, 18695, 18820, 18998, 19098, 19198, 19298, 19398, 19566, 19839, 19939, 20039, 20145, 20245, 20367, 20583, 20683, 20783, 20883, 20996, 21096, 21196, 21296, 21458, 21650, 21750, 21850, 21950, 22075, 22175, 22275, 22375, 22475, 22592, 22692, 22792, 22892, 23048, 23148, 23248, 23348, 23448, 23548, 23648, 23748, 23848, 23948, 24058]"
1733362480,0.1,0.1,2,250,0.0040633747476752,0.0041242991904188,0.3324775353016688,0.3364114456085138,0.685991138349414,0.6952254751749555,0.302549740639592,0.3063176653290411,0.6858098396989276,0.6952916676346729,1.156436130937731,276.38823529411764,239.0,0.0,"[499, 749, 1026, 1339, 1589, 1845, 2211, 2461, 2711, 2961, 3211, 3461, 4137, 4387, 4637, 4887, 5137, 5387, 5670, 5920, 6294, 6544, 6794, 7179, 7429, 7679, 8033, 8283, 8533, 8783, 9158, 9408, 9658, 9908, 10158, 10409, 10659, 10909, 11251, 11501, 11751, 12001, 12251, 12501, 12751, 13016, 13266, 13516, 13767, 14017, 14267, 14517, 14767, 15017, 15267, 15517, 15767, 16017, 16267, 16517, 16767, 17035, 17303, 17912, 18162, 18412, 18662, 18915, 19208, 19458, 19708, 19958, 20208, 20464, 20714, 21096, 21346, 21596, 21973, 22229, 22479, 22729, 22979, 23242, 23492, 23742, 23992]"
1733362506,0.1,0.1,2,500,0.0087697415133081,0.0087960012483474,0.3324775353016688,0.3364114456085138,0.6920369373473022,0.6970474967907574,0.302549740639592,0.3063176653290411,0.6912637196022221,0.6962126764119198,5.519835510401548,585.1025641025641,106.0,0.0,"[1020, 1520, 2020, 2520, 3020, 3520, 4085, 4585, 5085, 5585, 6330, 6830, 7330, 7830, 9196, 10088, 10588, 11088, 11796, 12296, 12796, 13634, 14134, 14634, 15134, 15634, 16337, 16837, 17472, 17972, 18472, 19140, 19705, 20236, 20751, 21339, 21839, 22339, 22839, 23339, 23839]"
1733362535,0.1,0.1,2,1000,0.0172201747484367,0.0169323781523044,0.3324775353016688,0.3364114456085138,0.6768810302704046,0.6750590086546027,0.302549740639592,0.3063176653290411,0.6733632827692079,0.6720667578680132,2.3041449652777777,1179.7222222222222,512.0,0.0,"[1999, 3303, 4303, 5341, 7063, 8063, 9540, 10540, 11540, 12540, 13540, 14540, 15540, 16540, 17540, 18540, 19745, 20745, 22234, 23234]"
1733362564,0.1,0.1,3,100,0.0013657865275839,0.0014569970610141,0.3324775353016688,0.3364114456085138,0.6425110770632324,0.6671497784587354,0.302549740639592,0.3063176653290411,0.6426202159663216,0.6673327772838323,1.0839455782312926,106.22666666666667,98.0,0.0,"[199, 385, 485, 605, 705, 805, 1000, 1100, 1217, 1317, 1428, 1528, 1628, 1728, 1828, 1928, 2032, 2132, 2232, 2371, 2471, 2571, 2671, 2781, 2881, 2982, 3082, 3182, 3282, 3382, 3483, 3584, 3684, 3784, 3893, 3993, 4093, 4194, 4294, 4394, 4494, 4643, 4743, 4853, 4953, 5053, 5153, 5255, 5355, 5457, 5557, 5657, 5757, 5857, 5957, 6057, 6157, 6257, 6357, 6468, 6568, 6668, 6768, 6875, 6975, 7075, 7175, 7277, 7377, 7500, 7600, 7700, 7800, 7900, 8000, 8100, 8200, 8312, 8412, 8512, 8612, 8712, 8812, 8912, 9014, 9183, 9283, 9383, 9490, 9590, 9690, 9790, 9896, 10015, 10115, 10215, 10315, 10415, 10515, 10617, 10717, 10817, 10949, 11049, 11149, 11249, 11350, 11485, 11585, 11685, 11789, 11889, 11989, 12096, 12198, 12298, 12398, 12523, 12623, 12798, 12898, 12998, 13123, 13223, 13323, 13423, 13526, 13626, 13726, 13826, 13926, 14026, 14126, 14226, 14326, 14426, 14526, 14626, 14762, 14918, 15088, 15196, 15296, 15396, 15499, 15613, 15713, 15813, 15949, 16049, 16149, 16249, 16383, 16483, 16630, 16730, 16842, 16942, 17042, 17142, 17242, 17342, 17442, 17542, 17644, 17783, 17890, 17990, 18090, 18190, 18290, 18390, 18490, 18597, 18697, 18865, 18965, 19065, 19165, 19265, 19365, 19466, 19566, 19666, 19766, 19866, 19966, 20066, 20169, 20269, 20369, 20502, 20602, 20702, 20802, 20920, 21021, 21123, 21223, 21323, 21423, 21523, 21625, 21725, 21825, 21955, 22055, 22155, 22257, 22357, 22457, 22557, 22657, 22757, 22857, 22957, 23070, 23170, 23285, 23385, 23488, 23588, 23688, 23788, 23889, 23989, 24100]"
1733362594,0.1,0.1,3,250,0.0038902502038971,0.0039834217637961,0.3324775353016688,0.3364114456085138,0.6903805540602095,0.7028862478777589,0.302549740639592,0.3063176653290411,0.689352029573902,0.7020500090593674,1.2656418554476807,260.72222222222223,206.0,0.0,"[499, 749, 1026, 1276, 1526, 1789, 2044, 2294, 2544, 2794, 3044, 3294, 3544, 3806, 4056, 4306, 4556, 4806, 5056, 5306, 5556, 5837, 6129, 6379, 6629, 6879, 7181, 7431, 7681, 7940, 8206, 8513, 8763, 9013, 9263, 9513, 9763, 10013, 10276, 10526, 10776, 11026, 11276, 11526, 11776, 12026, 12276, 12526, 12833, 13126, 13457, 13734, 13984, 14234, 14484, 14738, 14988, 15262, 15512, 15846, 16096, 16346, 16596, 16871, 17121, 17371, 17624, 17874, 18155, 18405, 18657, 18907, 19160, 19410, 19660, 19910, 20160, 20410, 20660, 20911, 21161, 21459, 21709, 21964, 22214, 22464, 22714, 22964, 23214, 23464, 23714, 23964]"
1733362618,0.1,0.1,3,500,0.0077417914505416,0.0078039058238076,0.3324775353016688,0.3364114456085138,0.6885999420265849,0.6953911135036648,0.302549740639592,0.3063176653290411,0.6867515702556442,0.6939067679521597,3.234754376058724,520.7954545454545,161.0,0.0,"[999, 1499, 1999, 2499, 2999, 3499, 3999, 4499, 4999, 5499, 6107, 6607, 7107, 7607, 8118, 8618, 9118, 9626, 10126, 10626, 11126, 11643, 12143, 12643, 13189, 13689, 14189, 14689, 15189, 15689, 16189, 16689, 17189, 17895, 18395, 18895, 19395, 19895, 20395, 20895, 21414, 21914, 22414, 22914, 23414, 23914]"
1733362640,0.1,0.1,3,1000,0.0156772913615847,0.0156302350182013,0.3324775353016688,0.3364114456085138,0.6773779452565324,0.6802766160089445,0.302549740639592,0.3063176653290411,0.6754222944767715,0.6777611030593684,5.229227053140097,1082.45,207.0,0.0,"[1999, 2999, 3999, 4999, 6024, 7024, 8233, 9233, 10235, 11235, 12235, 13235, 14235, 15235, 16235, 17235, 18235, 19235, 20235, 21578, 22648, 23648]"
1733362663,0.1,0.01,2,100,0.0031670801350705,0.0032401115800014,0.3324775353016688,0.3364114456085138,0.6808563501594269,0.6928237194086712,0.302549740639592,0.3063176653290411,0.6796928802480844,0.6917346342068221,3.9572390572390574,217.64814814814812,55.0,0.0,"[553, 698, 1279, 1379, 1625, 1725, 1825, 1925, 2508, 2772, 2872, 3271, 3371, 3506, 3607, 3818, 3991, 4322, 4633, 4802, 4962, 5103, 5392, 5527, 5785, 5886, 5986, 6103, 6203, 6572, 6672, 7728, 7831, 8240, 8349, 8545, 8653, 8754, 9219, 9440, 9644, 9744, 9943, 10249, 10449, 10549, 10774, 10874, 11071, 11217, 11317, 11804, 11904, 12300, 12415, 12536, 12766, 12940, 13112, 13212, 13320, 13544, 13644, 13763, 13883, 13983, 14083, 14191, 14352, 14454, 14755, 15020, 15120, 15259, 15407, 15507, 15697, 16830, 17184, 17318, 17534, 17817, 17937, 18308, 18426, 18547, 18681, 19153, 19286, 19562, 19762, 20140, 20276, 20538, 20770, 20998, 21800, 22042, 22504, 22667, 22930, 23181, 23281, 23381, 23481, 23581, 23681, 23785, 23959, 24059]"
1733362707,0.1,0.01,2,250,0.0082593293906391,0.0082706229130511,0.3324775353016688,0.3364114456085138,0.6958880284897926,0.7003188537827654,0.302549740639592,0.3063176653290411,0.6946786452033707,0.6991330646117412,3.3375180375180373,550.6904761904761,165.0,0.0,"[564, 1027, 2059, 2375, 2625, 3098, 3720, 3970, 4334, 4596, 5198, 5664, 5914, 6588, 6838, 8757, 10464, 10714, 11731, 11981, 12305, 12555, 13943, 14193, 14443, 14908, 15248, 15689, 15946, 16244, 16512, 17000, 17250, 19914, 20164, 20533, 21658, 21927, 22329, 22579, 22879, 23193, 23443, 23693]"
1733362749,0.1,0.01,2,500,0.0118555633773655,0.0118597043355832,0.3324775353016688,0.3364114456085138,0.6881444366226345,0.6922025756760114,0.302549740639592,0.3063176653290411,0.6849946992944332,0.6890811608904093,1.950232724668815,778.1428571428571,399.0,0.0,"[2203, 2887, 3387, 3887, 4387, 4887, 5394, 6962, 7462, 7966, 8810, 10553, 11053, 11875, 12375, 12882, 13382, 13927, 14427, 16749, 17533, 18306, 19930, 20452, 20952, 21938, 22491, 22991, 23491, 23991]"
1733362787,0.1,0.01,2,1000,0.0258714328033968,0.0256357167202336,0.3324775353016688,0.3364114456085138,0.668806161745828,0.6696757629715516,0.302549740639592,0.3063176653290411,0.6671479037640827,0.6680631160062728,2.3561483561483563,1830.7272727272727,777.0,0.0,"[3024, 4024, 5049, 9409, 10713, 11713, 12713, 13805, 14805, 15840, 17477, 22162, 23162]"
1733362832,0.1,0.01,3,100,0.0023531570205345,0.0024423026488329,0.3324775353016688,0.3364114456085138,0.6713321462586442,0.6881030270404571,0.302549740639592,0.3063176653290411,0.6704105047884608,0.6873205376106917,3.010437625754528,168.5845070422535,56.0,0.0,"[199, 392, 548, 774, 1040, 1387, 1561, 1661, 1761, 2019, 2231, 2382, 2482, 2582, 2687, 2861, 3089, 3287, 3391, 3491, 3591, 3824, 4251, 4355, 4460, 4636, 4765, 4970, 5135, 5284, 5465, 5577, 5683, 5831, 5931, 6046, 6373, 6473, 6573, 6704, 6804, 6975, 7075, 7175, 7297, 7688, 7813, 7913, 8042, 8142, 8322, 8439, 8660, 8770, 9115, 9242, 9458, 9558, 9695, 9795, 10017, 10127, 10303, 10489, 10589, 10726, 10980, 11298, 11527, 11627, 11727, 11827, 11927, 12187, 12287, 12433, 12533, 12782, 13152, 13259, 13375, 13527, 13627, 13755, 13884, 13984, 14084, 14194, 14294, 14394, 14588, 15025, 15125, 15259, 15359, 15500, 15631, 15731, 15831, 15940, 16555, 16655, 17003, 17134, 17234, 17498, 18022, 18122, 18222, 18322, 18422, 18562, 18690, 18884, 19000, 19100, 19226, 19361, 19555, 20046, 20161, 20419, 20519, 20624, 20778, 20878, 20995, 21095, 21200, 21300, 21682, 21782, 21882, 21982, 22197, 22325, 22695, 22834, 23035, 23191, 23350, 23558, 23719, 24138]"
1733362873,0.1,0.01,3,250,0.0063443838799034,0.0064032290756291,0.3324775353016688,0.3364114456085138,0.6941074164561679,0.7013955029193756,0.302549740639592,0.3063176653290411,0.6935578346848587,0.7008061323541871,4.400765550239234,418.07272727272726,95.0,0.0,"[675, 925, 1250, 1529, 1853, 2103, 2389, 2639, 2959, 3209, 3459, 3720, 4188, 4438, 6136, 6386, 6668, 6935, 7526, 8023, 8281, 8531, 8781, 10360, 10610, 10860, 11134, 11405, 11877, 12127, 12393, 12643, 12971, 13289, 13873, 14123, 14373, 14799, 15055, 16324, 16580, 16861, 18056, 18444, 18694, 18952, 19202, 19452, 20099, 20494, 20744, 21363, 21623, 22110, 22916, 23419, 23669]"
1733362912,0.1,0.01,3,500,0.0111585883473435,0.0111572942979005,0.3324775353016688,0.3364114456085138,0.6895523624166632,0.6934448631413309,0.302549740639592,0.3063176653290411,0.6878722860649359,0.691767399328611,1.887766830870279,766.4333333333333,406.0,0.0,"[999, 1499, 1999, 3598, 4346, 4846, 6077, 6674, 7290, 7799, 8382, 10634, 11134, 11702, 12202, 12702, 13934, 14434, 14936, 16335, 16835, 17335, 18248, 18754, 19370, 20145, 20695, 21399, 22008, 22992, 23492, 23992]"
1733362950,0.1,0.01,3,1000,0.0180306038606807,0.0178540682735037,0.3324775353016688,0.3364114456085138,0.6750590086546027,0.6756387428050851,0.302549740639592,0.3063176653290411,0.6730041774716868,0.6736117111496801,9.336859923825644,1297.8235294117646,139.0,0.0,"[2072, 3717, 4797, 7161, 8161, 9475, 10728, 11728, 12728, 14167, 15167, 16279, 17279, 18279, 19643, 20643, 22035, 23135, 24135]"
1733362982,0.01,0.1,2,100,0.0068427381265836,0.0068505512552963,0.3324775353016688,0.3364114456085138,0.6951426560106009,0.6994906621392191,0.302549740639592,0.3063176653290411,0.6936594270260956,0.6979075275583196,12.97276688453159,467.0196078431373,36.0,0.0,"[292, 805, 912, 3161, 3425, 3936, 4036, 6551, 6734, 7559, 7763, 9912, 10030, 10183, 10371, 10497, 10620, 10878, 11316, 11816, 11916, 12229, 12766, 12905, 13047, 13864, 13964, 14064, 14164, 14608, 14821, 15217, 15354, 16012, 16215, 16552, 16656, 16760, 17324, 17620, 18681, 19264, 20350, 20689, 21706, 21806, 22314, 22779, 23306, 23406, 23633, 23734, 24110]"
1733363045,0.01,0.1,2,250,0.0114393970764834,0.0114316327798252,0.3324775353016688,0.3364114456085138,0.6985382417491407,0.7022236945629219,0.302549740639592,0.3063176653290411,0.6961942316677692,0.7002281638911017,5.106578947368422,776.2,152.0,0.0,"[657, 1027, 3330, 3622, 4793, 5051, 5323, 6609, 6961, 7237, 7580, 9363, 9919, 10384, 10634, 10950, 11830, 12080, 13930, 14180, 14442, 14957, 15327, 16690, 17335, 19658, 22693, 22943, 23193, 23443, 23693, 23943]"
1733363105,0.01,0.1,2,500,0.0182354723198737,0.0181156024767289,0.3324775353016688,0.3364114456085138,0.6789515093792704,0.680607892666363,0.302549740639592,0.3063176653290411,0.6769953618628278,0.6788415072942283,2.679132580184392,1213.6470588235295,453.0,0.0,"[3314, 3814, 5332, 5834, 7705, 9444, 10724, 11224, 11904, 12404, 12919, 13456, 13981, 14481, 16382, 16882, 22946, 23446, 23946]"
1733363168,0.01,0.1,2,1000,0.0306581488410963,0.0303532237359725,0.3324775353016688,0.3364114456085138,0.669717172553729,0.6702969067042114,0.302549740639592,0.3063176653290411,0.6677676312527745,0.6683710000179449,17.37962962962963,2294.1111111111118,132.0,0.0,"[3425, 4425, 9419, 10816, 11816, 12816, 14160, 15160, 17531, 23072, 24072]"
1733363240,0.01,0.1,3,100,0.0044129322636369,0.0044655888928253,0.3324775353016688,0.3364114456085138,0.689925048656259,0.6981241459273676,0.302549740639592,0.3063176653290411,0.6896928434808379,0.697894859555584,12.000506329113923,300.0126582278481,25.0,0.0,"[293, 796, 1274, 2073, 2571, 2674, 3289, 3389, 4234, 4334, 4534, 4918, 5058, 5956, 7690, 8011, 8689, 9003, 9491, 9647, 10008, 10109, 10537, 10752, 10852, 11199, 11397, 11523, 11638, 11816, 11916, 12211, 12362, 12585, 12850, 12950, 13056, 13160, 13747, 13853, 13953, 14053, 14466, 14590, 14690, 14790, 14898, 15989, 16115, 16224, 16842, 17439, 17541, 17801, 18095, 18346, 18778, 19451, 19551, 20070, 20520, 20663, 21043, 21193, 21395, 21578, 21859, 21996, 22197, 22298, 22403, 22530, 22760, 22860, 22960, 23155, 23353, 23567, 23710, 23858, 23994]"
1733363303,0.01,0.1,3,250,0.0086313729094473,0.0086313729094473,0.3324775353016688,0.3364114456085138,0.6863638245890099,0.6902977348958549,0.302549740639592,0.3063176653290411,0.6846612390637489,0.6887027779856686,4.076230076230076,603.2820512820513,148.0,0.0,"[536, 2100, 2379, 2629, 3222, 3472, 4297, 4692, 4948, 6179, 6463, 7035, 7285, 9043, 10677, 11108, 11619, 11869, 12119, 13926, 14176, 14445, 14695, 15105, 15363, 16803, 17053, 18186, 18436, 18988, 20018, 20795, 21778, 22223, 22564, 22814, 23064, 23314, 23564, 23814, 24064]"
1733363364,0.01,0.1,3,500,0.01281478677023,0.0127763350153511,0.3324775353016688,0.3364114456085138,0.6912915648681105,0.6941488260383453,0.302549740639592,0.3063176653290411,0.6899282844784786,0.6928150458845282,58.43846153846154,876.5769230769231,15.0,0.0,"[1069, 2711, 3319, 3819, 4865, 6744, 7484, 8008, 8720, 9994, 10690, 11190, 11794, 12294, 13220, 14043, 14543, 15055, 16246, 17348, 17972, 18960, 19962, 21715, 22360, 22860, 23360, 23860]"
1733363417,0.01,0.1,3,1000,0.0240205154901415,0.0237306484149003,0.3324775353016688,0.3364114456085138,0.6687647521636507,0.6686405234171188,0.302549740639592,0.3063176653290411,0.6663138387238501,0.6663309981543781,29.92121212121212,1645.6666666666667,55.0,0.0,"[3408, 4408, 8187, 9704, 10862, 11862, 12862, 14083, 15083, 16425, 17817, 20041, 21773, 23156]"
1733363476,0.01,0.01,2,100,0.0206268436398535,0.0204076164400912,0.3324775353016688,0.3364114456085138,0.6831338771791793,0.6833409250900658,0.302549740639592,0.3063176653290411,0.6801133221440184,0.6803814088502148,74.93333333333334,1348.8,18.0,0.0,"[3380, 3492, 3592, 6562, 6704, 10578, 11826, 11926, 13898, 14046, 17534, 18089, 18285, 18422, 22792, 23329, 23612]"
1733363532,0.01,0.01,2,250,0.0237608182533438,0.0235758554529518,0.3324775353016688,0.3364114456085138,0.6888898091018262,0.690049277402791,0.302549740639592,0.3063176653290411,0.6872732503903171,0.6884646801441607,10.71002331002331,1767.1538461538462,165.0,0.0,"[641, 1037, 3219, 3633, 10624, 11273, 11755, 12005, 13943, 14193, 19914, 22051, 22981, 23364, 23614]"
1733363588,0.01,0.01,2,500,0.0227062542272281,0.0225047275939652,0.3324775353016688,0.3364114456085138,0.6730713487100916,0.6739823595179925,0.302549740639592,0.3063176653290411,0.6708259410812808,0.6716287722735103,3.204662004662005,1586.3076923076924,495.0,0.0,"[3380, 4364, 4864, 10123, 10731, 11278, 11978, 12478, 14523, 16367, 17303, 22008, 23002, 23502, 24002]"
1733363642,0.01,0.01,2,1000,0.0334133918588761,0.0330572694521512,0.3324775353016688,0.3364114456085138,0.6666114538904302,0.666984140130026,0.302549740639592,0.3063176653290411,0.6648336498939208,0.6650946573042,5.364583333333333,2575.0,480.0,0.0,"[3467, 4469, 10821, 11821, 12821, 14508, 15508, 17490, 23067, 24067]"
1733363698,0.01,0.01,3,100,0.0130056761801347,0.0129458623392119,0.3324775353016688,0.3364114456085138,0.6836307921653071,0.6859497287672367,0.302549740639592,0.3063176653290411,0.6822093600709782,0.6845203384215047,21.05454545454545,926.4,44.0,0.0,"[199, 528, 1265, 1560, 3495, 3639, 4240, 4341, 4615, 5809, 6958, 9198, 11095, 11602, 11882, 13919, 14072, 15100, 15823, 16649, 19762, 20140, 20497, 21608, 23025, 23206, 23359]"
1733363756,0.01,0.01,3,250,0.02215671456375,0.0220816596960536,0.3324775353016688,0.3364114456085138,0.6869849683216697,0.6897180007453725,0.302549740639592,0.3063176653290411,0.6861407183800847,0.6890504329624637,813.25,1626.5,2.0,0.0,"[718, 1027, 3292, 3542, 4369, 4619, 8780, 10668, 11882, 12132, 12474, 14030, 14486, 17107, 22931, 23489]"
1733363814,0.01,0.01,3,500,0.0266996244469431,0.026374718494475,0.3324775353016688,0.3364114456085138,0.67957265311193,0.6792827860366889,0.302549740639592,0.3063176653290411,0.677030165532369,0.6766808598974223,23.394628099173552,2058.7272727272725,88.0,0.0,"[1276, 4403, 6866, 7941, 10992, 11987, 12487, 14116, 14616, 19240, 21255, 23422, 23922]"
1733363874,0.01,0.01,3,1000,0.0361137567233057,0.0357456715483962,0.3324775353016688,0.3364114456085138,0.6575013458114207,0.6581224895440805,0.302549740639592,0.3063176653290411,0.6551808105125042,0.6558382971564547,3.700098522167488,2682.5714285714284,725.0,0.0,"[4772, 11000, 12452, 13452, 14753, 15799, 20158, 21759, 23550]"
