seed,confidence,feature_proportion,n_clusters,n_samples,lpd (ht),lpd (nb),acc (ht-no dd),acc (nb-no dd),acc (ht-dd),acc (nb-dd),f1 (ht-no dd),f1 (nb-no dd),f1 (ht-dd),f1 (nb-dd),drifts
1734282145,0.1,0.1,2,100,0.009239489359519367,0.004116413718814318,0.35808952238059516,0.3328332083020755,0.7184296074018505,0.49337334333583394,0.30919193466547534,0.2535892231258899,0.7220236191701856,0.4648795639665404,"[199, 299, 399, 499, 599, 699, 799, 899, 999, 1099, 1199, 1299, 1399, 1499, 1599, 1699, 1799, 1899, 1999, 2099, 2199, 2299, 2399, 2499, 2599, 2699, 2799, 2899, 2999, 3099, 3199, 3299, 3399, 3499, 3599, 3699, 3799, 3899, 3999]"
1734282153,0.1,0.1,2,250,0.020888555472201382,0.006701675418854714,0.35808952238059516,0.3328332083020755,0.6714178544636159,0.4333583395848962,0.30919193466547534,0.2535892231258899,0.6746822077642877,0.4008160833713667,"[499, 749, 999, 1249, 1499, 1749, 1999, 2249, 2499, 2749, 2999, 3249, 3499, 3749, 3999]"
1734282161,0.1,0.1,2,500,0.037938055942557065,0.010681241739006182,0.35808952238059516,0.3328332083020755,0.6236559139784946,0.4076019004751188,0.30919193466547534,0.2535892231258899,0.6156531611053251,0.36157745256955415,"[999, 1499, 1999, 2499, 2999, 3499, 3999]"
1734282170,0.1,0.1,2,1000,0.07618571309494039,0.03392514795365509,0.35808952238059516,0.3328332083020755,0.5866466616654163,0.4346086521630408,0.30919193466547534,0.2535892231258899,0.5658834689229033,0.373826512064703,"[1999, 2999, 3999]"
1734282181,0.1,0.1,3,100,0.009239489359519367,0.004116413718814318,0.35808952238059516,0.3328332083020755,0.7184296074018505,0.49337334333583394,0.30919193466547534,0.2535892231258899,0.7220236191701856,0.4648795639665404,"[199, 299, 399, 499, 599, 699, 799, 899, 999, 1099, 1199, 1299, 1399, 1499, 1599, 1699, 1799, 1899, 1999, 2099, 2199, 2299, 2399, 2499, 2599, 2699, 2799, 2899, 2999, 3099, 3199, 3299, 3399, 3499, 3599, 3699, 3799, 3899, 3999]"
1734282189,0.1,0.1,3,250,0.020888555472201382,0.006701675418854714,0.35808952238059516,0.3328332083020755,0.6714178544636159,0.4333583395848962,0.30919193466547534,0.2535892231258899,0.6746822077642877,0.4008160833713667,"[499, 749, 999, 1249, 1499, 1749, 1999, 2249, 2499, 2749, 2999, 3249, 3499, 3749, 3999]"
1734282197,0.1,0.1,3,500,0.037938055942557065,0.010681241739006182,0.35808952238059516,0.3328332083020755,0.6236559139784946,0.4076019004751188,0.30919193466547534,0.2535892231258899,0.6156531611053251,0.36157745256955415,"[999, 1499, 1999, 2499, 2999, 3499, 3999]"
1734282206,0.1,0.1,3,1000,0.07618571309494039,0.03392514795365509,0.35808952238059516,0.3328332083020755,0.5866466616654163,0.4346086521630408,0.30919193466547534,0.2535892231258899,0.5658834689229033,0.373826512064703,"[1999, 2999, 3999]"
1734282217,0.1,0.01,2,100,0.009239489359519367,0.004116413718814318,0.35808952238059516,0.3328332083020755,0.7184296074018505,0.49337334333583394,0.30919193466547534,0.2535892231258899,0.7220236191701856,0.4648795639665404,"[199, 299, 399, 499, 599, 699, 799, 899, 999, 1099, 1199, 1299, 1399, 1499, 1599, 1699, 1799, 1899, 1999, 2099, 2199, 2299, 2399, 2499, 2599, 2699, 2799, 2899, 2999, 3099, 3199, 3299, 3399, 3499, 3599, 3699, 3799, 3899, 3999]"
1734282225,0.1,0.01,2,250,0.020888555472201382,0.006701675418854714,0.35808952238059516,0.3328332083020755,0.6714178544636159,0.4333583395848962,0.30919193466547534,0.2535892231258899,0.6746822077642877,0.4008160833713667,"[499, 749, 999, 1249, 1499, 1749, 1999, 2249, 2499, 2749, 2999, 3249, 3499, 3749, 3999]"
1734282233,0.1,0.01,2,500,0.037938055942557065,0.010681241739006182,0.35808952238059516,0.3328332083020755,0.6236559139784946,0.4076019004751188,0.30919193466547534,0.2535892231258899,0.6156531611053251,0.36157745256955415,"[999, 1499, 1999, 2499, 2999, 3499, 3999]"
1734282242,0.1,0.01,2,1000,0.07618571309494039,0.03392514795365509,0.35808952238059516,0.3328332083020755,0.5866466616654163,0.4346086521630408,0.30919193466547534,0.2535892231258899,0.5658834689229033,0.373826512064703,"[1999, 2999, 3999]"
1734282253,0.1,0.01,3,100,0.009239489359519367,0.004116413718814318,0.35808952238059516,0.3328332083020755,0.7184296074018505,0.49337334333583394,0.30919193466547534,0.2535892231258899,0.7220236191701856,0.4648795639665404,"[199, 299, 399, 499, 599, 699, 799, 899, 999, 1099, 1199, 1299, 1399, 1499, 1599, 1699, 1799, 1899, 1999, 2099, 2199, 2299, 2399, 2499, 2599, 2699, 2799, 2899, 2999, 3099, 3199, 3299, 3399, 3499, 3599, 3699, 3799, 3899, 3999]"
1734282261,0.1,0.01,3,250,0.020888555472201382,0.006701675418854714,0.35808952238059516,0.3328332083020755,0.6714178544636159,0.4333583395848962,0.30919193466547534,0.2535892231258899,0.6746822077642877,0.4008160833713667,"[499, 749, 999, 1249, 1499, 1749, 1999, 2249, 2499, 2749, 2999, 3249, 3499, 3749, 3999]"
1734282269,0.1,0.01,3,500,0.037938055942557065,0.010681241739006182,0.35808952238059516,0.3328332083020755,0.6236559139784946,0.4076019004751188,0.30919193466547534,0.2535892231258899,0.6156531611053251,0.36157745256955415,"[999, 1499, 1999, 2499, 2999, 3499, 3999]"
1734282278,0.1,0.01,3,1000,0.07618571309494039,0.03392514795365509,0.35808952238059516,0.3328332083020755,0.5866466616654163,0.4346086521630408,0.30919193466547534,0.2535892231258899,0.5658834689229033,0.373826512064703,"[1999, 2999, 3999]"
1734282289,0.01,0.1,2,100,0.009239489359519367,0.004116413718814318,0.35808952238059516,0.3328332083020755,0.7184296074018505,0.49337334333583394,0.30919193466547534,0.2535892231258899,0.7220236191701856,0.4648795639665404,"[199, 299, 399, 499, 599, 699, 799, 899, 999, 1099, 1199, 1299, 1399, 1499, 1599, 1699, 1799, 1899, 1999, 2099, 2199, 2299, 2399, 2499, 2599, 2699, 2799, 2899, 2999, 3099, 3199, 3299, 3399, 3499, 3599, 3699, 3799, 3899, 3999]"
1734282297,0.01,0.1,2,250,0.020888555472201382,0.006701675418854714,0.35808952238059516,0.3328332083020755,0.6714178544636159,0.4333583395848962,0.30919193466547534,0.2535892231258899,0.6746822077642877,0.4008160833713667,"[499, 749, 999, 1249, 1499, 1749, 1999, 2249, 2499, 2749, 2999, 3249, 3499, 3749, 3999]"
1734282305,0.01,0.1,2,500,0.037938055942557065,0.010681241739006182,0.35808952238059516,0.3328332083020755,0.6236559139784946,0.4076019004751188,0.30919193466547534,0.2535892231258899,0.6156531611053251,0.36157745256955415,"[999, 1499, 1999, 2499, 2999, 3499, 3999]"
1734282314,0.01,0.1,2,1000,0.07618571309494039,0.03392514795365509,0.35808952238059516,0.3328332083020755,0.5866466616654163,0.4346086521630408,0.30919193466547534,0.2535892231258899,0.5658834689229033,0.373826512064703,"[1999, 2999, 3999]"
1734282325,0.01,0.1,3,100,0.009239489359519367,0.004116413718814318,0.35808952238059516,0.3328332083020755,0.7184296074018505,0.49337334333583394,0.30919193466547534,0.2535892231258899,0.7220236191701856,0.4648795639665404,"[199, 299, 399, 499, 599, 699, 799, 899, 999, 1099, 1199, 1299, 1399, 1499, 1599, 1699, 1799, 1899, 1999, 2099, 2199, 2299, 2399, 2499, 2599, 2699, 2799, 2899, 2999, 3099, 3199, 3299, 3399, 3499, 3599, 3699, 3799, 3899, 3999]"
1734282333,0.01,0.1,3,250,0.020888555472201382,0.006701675418854714,0.35808952238059516,0.3328332083020755,0.6714178544636159,0.4333583395848962,0.30919193466547534,0.2535892231258899,0.6746822077642877,0.4008160833713667,"[499, 749, 999, 1249, 1499, 1749, 1999, 2249, 2499, 2749, 2999, 3249, 3499, 3749, 3999]"
1734282341,0.01,0.1,3,500,0.037938055942557065,0.010681241739006182,0.35808952238059516,0.3328332083020755,0.6236559139784946,0.4076019004751188,0.30919193466547534,0.2535892231258899,0.6156531611053251,0.36157745256955415,"[999, 1499, 1999, 2499, 2999, 3499, 3999]"
1734282351,0.01,0.1,3,1000,0.07618571309494039,0.03392514795365509,0.35808952238059516,0.3328332083020755,0.5866466616654163,0.4346086521630408,0.30919193466547534,0.2535892231258899,0.5658834689229033,0.373826512064703,"[1999, 2999, 3999]"
1734282361,0.01,0.01,2,100,0.009239489359519367,0.004116413718814318,0.35808952238059516,0.3328332083020755,0.7184296074018505,0.49337334333583394,0.30919193466547534,0.2535892231258899,0.7220236191701856,0.4648795639665404,"[199, 299, 399, 499, 599, 699, 799, 899, 999, 1099, 1199, 1299, 1399, 1499, 1599, 1699, 1799, 1899, 1999, 2099, 2199, 2299, 2399, 2499, 2599, 2699, 2799, 2899, 2999, 3099, 3199, 3299, 3399, 3499, 3599, 3699, 3799, 3899, 3999]"
1734282369,0.01,0.01,2,250,0.024666881005965778,0.006055085199871397,0.35808952238059516,0.3328332083020755,0.703425856464116,0.4176044011002751,0.30919193466547534,0.2535892231258899,0.7006046286137655,0.38254657442040135,"[499, 768, 1018, 1268, 1518, 1768, 2018, 2268, 2518, 2768, 3018, 3300, 3550, 3800]"
1734282378,0.01,0.01,2,500,0.037938055942557065,0.010681241739006182,0.35808952238059516,0.3328332083020755,0.6236559139784946,0.4076019004751188,0.30919193466547534,0.2535892231258899,0.6156531611053251,0.36157745256955415,"[999, 1499, 1999, 2499, 2999, 3499, 3999]"
1734282387,0.01,0.01,2,1000,0.07618571309494039,0.03392514795365509,0.35808952238059516,0.3328332083020755,0.5866466616654163,0.4346086521630408,0.30919193466547534,0.2535892231258899,0.5658834689229033,0.373826512064703,"[1999, 2999, 3999]"
1734282398,0.01,0.01,3,100,0.010515786841447203,0.004066806175228018,0.35808952238059516,0.3328332083020755,0.7576894223555889,0.4873718429607402,0.30919193466547534,0.2535892231258899,0.7614650035570746,0.45684759504562267,"[199, 299, 399, 499, 599, 699, 799, 899, 999, 1099, 1199, 1299, 1399, 1499, 1599, 1699, 1827, 1927, 2027, 2127, 2227, 2327, 2427, 2527, 2627, 2727, 2827, 2927, 3027, 3127, 3227, 3327, 3427, 3527, 3627, 3727, 3827, 3927]"
1734282406,0.01,0.01,3,250,0.020888555472201382,0.006701675418854714,0.35808952238059516,0.3328332083020755,0.6714178544636159,0.4333583395848962,0.30919193466547534,0.2535892231258899,0.6746822077642877,0.4008160833713667,"[499, 749, 999, 1249, 1499, 1749, 1999, 2249, 2499, 2749, 2999, 3249, 3499, 3749, 3999]"
1734282414,0.01,0.01,3,500,0.037938055942557065,0.010681241739006182,0.35808952238059516,0.3328332083020755,0.6236559139784946,0.4076019004751188,0.30919193466547534,0.2535892231258899,0.6156531611053251,0.36157745256955415,"[999, 1499, 1999, 2499, 2999, 3499, 3999]"
1734282423,0.01,0.01,3,1000,0.07618571309494039,0.03392514795365509,0.35808952238059516,0.3328332083020755,0.5866466616654163,0.4346086521630408,0.30919193466547534,0.2535892231258899,0.5658834689229033,0.373826512064703,"[1999, 2999, 3999]"
1734282434,0.1,0.1,2,100,0.009239489359519367,0.004116413718814318,0.35808952238059516,0.3328332083020755,0.7184296074018505,0.49337334333583394,0.30919193466547534,0.2535892231258899,0.7220236191701856,0.4648795639665404,"[199, 299, 399, 499, 599, 699, 799, 899, 999, 1099, 1199, 1299, 1399, 1499, 1599, 1699, 1799, 1899, 1999, 2099, 2199, 2299, 2399, 2499, 2599, 2699, 2799, 2899, 2999, 3099, 3199, 3299, 3399, 3499, 3599, 3699, 3799, 3899, 3999]"
1734282442,0.1,0.1,2,250,0.020888555472201382,0.006701675418854714,0.35808952238059516,0.3328332083020755,0.6714178544636159,0.4333583395848962,0.30919193466547534,0.2535892231258899,0.6746822077642877,0.4008160833713667,"[499, 749, 999, 1249, 1499, 1749, 1999, 2249, 2499, 2749, 2999, 3249, 3499, 3749, 3999]"
1734282450,0.1,0.1,2,500,0.037938055942557065,0.010681241739006182,0.35808952238059516,0.3328332083020755,0.6236559139784946,0.4076019004751188,0.30919193466547534,0.2535892231258899,0.6156531611053251,0.36157745256955415,"[999, 1499, 1999, 2499, 2999, 3499, 3999]"
1734282459,0.1,0.1,2,1000,0.07618571309494039,0.03392514795365509,0.35808952238059516,0.3328332083020755,0.5866466616654163,0.4346086521630408,0.30919193466547534,0.2535892231258899,0.5658834689229033,0.373826512064703,"[1999, 2999, 3999]"
1734282470,0.1,0.1,3,100,0.009239489359519367,0.004116413718814318,0.35808952238059516,0.3328332083020755,0.7184296074018505,0.49337334333583394,0.30919193466547534,0.2535892231258899,0.7220236191701856,0.4648795639665404,"[199, 299, 399, 499, 599, 699, 799, 899, 999, 1099, 1199, 1299, 1399, 1499, 1599, 1699, 1799, 1899, 1999, 2099, 2199, 2299, 2399, 2499, 2599, 2699, 2799, 2899, 2999, 3099, 3199, 3299, 3399, 3499, 3599, 3699, 3799, 3899, 3999]"
1734282478,0.1,0.1,3,250,0.020888555472201382,0.006701675418854714,0.35808952238059516,0.3328332083020755,0.6714178544636159,0.4333583395848962,0.30919193466547534,0.2535892231258899,0.6746822077642877,0.4008160833713667,"[499, 749, 999, 1249, 1499, 1749, 1999, 2249, 2499, 2749, 2999, 3249, 3499, 3749, 3999]"
1734282486,0.1,0.1,3,500,0.037938055942557065,0.010681241739006182,0.35808952238059516,0.3328332083020755,0.6236559139784946,0.4076019004751188,0.30919193466547534,0.2535892231258899,0.6156531611053251,0.36157745256955415,"[999, 1499, 1999, 2499, 2999, 3499, 3999]"
1734282496,0.1,0.1,3,1000,0.07618571309494039,0.03392514795365509,0.35808952238059516,0.3328332083020755,0.5866466616654163,0.4346086521630408,0.30919193466547534,0.2535892231258899,0.5658834689229033,0.373826512064703,"[1999, 2999, 3999]"
1734282507,0.1,0.01,2,100,0.009239489359519367,0.004116413718814318,0.35808952238059516,0.3328332083020755,0.7184296074018505,0.49337334333583394,0.30919193466547534,0.2535892231258899,0.7220236191701856,0.4648795639665404,"[199, 299, 399, 499, 599, 699, 799, 899, 999, 1099, 1199, 1299, 1399, 1499, 1599, 1699, 1799, 1899, 1999, 2099, 2199, 2299, 2399, 2499, 2599, 2699, 2799, 2899, 2999, 3099, 3199, 3299, 3399, 3499, 3599, 3699, 3799, 3899, 3999]"
1734282514,0.1,0.01,2,250,0.020888555472201382,0.006701675418854714,0.35808952238059516,0.3328332083020755,0.6714178544636159,0.4333583395848962,0.30919193466547534,0.2535892231258899,0.6746822077642877,0.4008160833713667,"[499, 749, 999, 1249, 1499, 1749, 1999, 2249, 2499, 2749, 2999, 3249, 3499, 3749, 3999]"
1734282523,0.1,0.01,2,500,0.037938055942557065,0.010681241739006182,0.35808952238059516,0.3328332083020755,0.6236559139784946,0.4076019004751188,0.30919193466547534,0.2535892231258899,0.6156531611053251,0.36157745256955415,"[999, 1499, 1999, 2499, 2999, 3499, 3999]"
1734282532,0.1,0.01,2,1000,0.07618571309494039,0.03392514795365509,0.35808952238059516,0.3328332083020755,0.5866466616654163,0.4346086521630408,0.30919193466547534,0.2535892231258899,0.5658834689229033,0.373826512064703,"[1999, 2999, 3999]"
1734282543,0.1,0.01,3,100,0.009239489359519367,0.004116413718814318,0.35808952238059516,0.3328332083020755,0.7184296074018505,0.49337334333583394,0.30919193466547534,0.2535892231258899,0.7220236191701856,0.4648795639665404,"[199, 299, 399, 499, 599, 699, 799, 899, 999, 1099, 1199, 1299, 1399, 1499, 1599, 1699, 1799, 1899, 1999, 2099, 2199, 2299, 2399, 2499, 2599, 2699, 2799, 2899, 2999, 3099, 3199, 3299, 3399, 3499, 3599, 3699, 3799, 3899, 3999]"
1734282551,0.1,0.01,3,250,0.020888555472201382,0.006701675418854714,0.35808952238059516,0.3328332083020755,0.6714178544636159,0.4333583395848962,0.30919193466547534,0.2535892231258899,0.6746822077642877,0.4008160833713667,"[499, 749, 999, 1249, 1499, 1749, 1999, 2249, 2499, 2749, 2999, 3249, 3499, 3749, 3999]"
1734282559,0.1,0.01,3,500,0.037938055942557065,0.010681241739006182,0.35808952238059516,0.3328332083020755,0.6236559139784946,0.4076019004751188,0.30919193466547534,0.2535892231258899,0.6156531611053251,0.36157745256955415,"[999, 1499, 1999, 2499, 2999, 3499, 3999]"
1734282568,0.1,0.01,3,1000,0.07618571309494039,0.03392514795365509,0.35808952238059516,0.3328332083020755,0.5866466616654163,0.4346086521630408,0.30919193466547534,0.2535892231258899,0.5658834689229033,0.373826512064703,"[1999, 2999, 3999]"
1734282579,0.01,0.1,2,100,0.009239489359519367,0.004116413718814318,0.35808952238059516,0.3328332083020755,0.7184296074018505,0.49337334333583394,0.30919193466547534,0.2535892231258899,0.7220236191701856,0.4648795639665404,"[199, 299, 399, 499, 599, 699, 799, 899, 999, 1099, 1199, 1299, 1399, 1499, 1599, 1699, 1799, 1899, 1999, 2099, 2199, 2299, 2399, 2499, 2599, 2699, 2799, 2899, 2999, 3099, 3199, 3299, 3399, 3499, 3599, 3699, 3799, 3899, 3999]"
1734282587,0.01,0.1,2,250,0.020888555472201382,0.006701675418854714,0.35808952238059516,0.3328332083020755,0.6714178544636159,0.4333583395848962,0.30919193466547534,0.2535892231258899,0.6746822077642877,0.4008160833713667,"[499, 749, 999, 1249, 1499, 1749, 1999, 2249, 2499, 2749, 2999, 3249, 3499, 3749, 3999]"
1734282595,0.01,0.1,2,500,0.037938055942557065,0.010681241739006182,0.35808952238059516,0.3328332083020755,0.6236559139784946,0.4076019004751188,0.30919193466547534,0.2535892231258899,0.6156531611053251,0.36157745256955415,"[999, 1499, 1999, 2499, 2999, 3499, 3999]"
1734282604,0.01,0.1,2,1000,0.07618571309494039,0.03392514795365509,0.35808952238059516,0.3328332083020755,0.5866466616654163,0.4346086521630408,0.30919193466547534,0.2535892231258899,0.5658834689229033,0.373826512064703,"[1999, 2999, 3999]"
1734282615,0.01,0.1,3,100,0.009239489359519367,0.004116413718814318,0.35808952238059516,0.3328332083020755,0.7184296074018505,0.49337334333583394,0.30919193466547534,0.2535892231258899,0.7220236191701856,0.4648795639665404,"[199, 299, 399, 499, 599, 699, 799, 899, 999, 1099, 1199, 1299, 1399, 1499, 1599, 1699, 1799, 1899, 1999, 2099, 2199, 2299, 2399, 2499, 2599, 2699, 2799, 2899, 2999, 3099, 3199, 3299, 3399, 3499, 3599, 3699, 3799, 3899, 3999]"
1734282623,0.01,0.1,3,250,0.020888555472201382,0.006701675418854714,0.35808952238059516,0.3328332083020755,0.6714178544636159,0.4333583395848962,0.30919193466547534,0.2535892231258899,0.6746822077642877,0.4008160833713667,"[499, 749, 999, 1249, 1499, 1749, 1999, 2249, 2499, 2749, 2999, 3249, 3499, 3749, 3999]"
1734282631,0.01,0.1,3,500,0.037938055942557065,0.010681241739006182,0.35808952238059516,0.3328332083020755,0.6236559139784946,0.4076019004751188,0.30919193466547534,0.2535892231258899,0.6156531611053251,0.36157745256955415,"[999, 1499, 1999, 2499, 2999, 3499, 3999]"
1734282640,0.01,0.1,3,1000,0.07618571309494039,0.03392514795365509,0.35808952238059516,0.3328332083020755,0.5866466616654163,0.4346086521630408,0.30919193466547534,0.2535892231258899,0.5658834689229033,0.373826512064703,"[1999, 2999, 3999]"
1734282651,0.01,0.01,2,100,0.009239489359519367,0.004116413718814318,0.35808952238059516,0.3328332083020755,0.7184296074018505,0.49337334333583394,0.30919193466547534,0.2535892231258899,0.7220236191701856,0.4648795639665404,"[199, 299, 399, 499, 599, 699, 799, 899, 999, 1099, 1199, 1299, 1399, 1499, 1599, 1699, 1799, 1899, 1999, 2099, 2199, 2299, 2399, 2499, 2599, 2699, 2799, 2899, 2999, 3099, 3199, 3299, 3399, 3499, 3599, 3699, 3799, 3899, 3999]"
1734282659,0.01,0.01,2,250,0.024666881005965778,0.006055085199871397,0.35808952238059516,0.3328332083020755,0.703425856464116,0.4176044011002751,0.30919193466547534,0.2535892231258899,0.7006046286137655,0.38254657442040135,"[499, 768, 1018, 1268, 1518, 1768, 2018, 2268, 2518, 2768, 3018, 3300, 3550, 3800]"
1734282667,0.01,0.01,2,500,0.037938055942557065,0.010681241739006182,0.35808952238059516,0.3328332083020755,0.6236559139784946,0.4076019004751188,0.30919193466547534,0.2535892231258899,0.6156531611053251,0.36157745256955415,"[999, 1499, 1999, 2499, 2999, 3499, 3999]"
1734282676,0.01,0.01,2,1000,0.07618571309494039,0.03392514795365509,0.35808952238059516,0.3328332083020755,0.5866466616654163,0.4346086521630408,0.30919193466547534,0.2535892231258899,0.5658834689229033,0.373826512064703,"[1999, 2999, 3999]"
1734282687,0.01,0.01,3,100,0.010515786841447203,0.004066806175228018,0.35808952238059516,0.3328332083020755,0.7576894223555889,0.4873718429607402,0.30919193466547534,0.2535892231258899,0.7614650035570746,0.45684759504562267,"[199, 299, 399, 499, 599, 699, 799, 899, 999, 1099, 1199, 1299, 1399, 1499, 1599, 1699, 1827, 1927, 2027, 2127, 2227, 2327, 2427, 2527, 2627, 2727, 2827, 2927, 3027, 3127, 3227, 3327, 3427, 3527, 3627, 3727, 3827, 3927]"
1734282695,0.01,0.01,3,250,0.020888555472201382,0.006701675418854714,0.35808952238059516,0.3328332083020755,0.6714178544636159,0.4333583395848962,0.30919193466547534,0.2535892231258899,0.6746822077642877,0.4008160833713667,"[499, 749, 999, 1249, 1499, 1749, 1999, 2249, 2499, 2749, 2999, 3249, 3499, 3749, 3999]"
1734282703,0.01,0.01,3,500,0.037938055942557065,0.010681241739006182,0.35808952238059516,0.3328332083020755,0.6236559139784946,0.4076019004751188,0.30919193466547534,0.2535892231258899,0.6156531611053251,0.36157745256955415,"[999, 1499, 1999, 2499, 2999, 3499, 3999]"
1734282713,0.01,0.01,3,1000,0.07618571309494039,0.03392514795365509,0.35808952238059516,0.3328332083020755,0.5866466616654163,0.4346086521630408,0.30919193466547534,0.2535892231258899,0.5658834689229033,0.373826512064703,"[1999, 2999, 3999]"
1734282724,0.1,0.1,2,100,0.009239489359519367,0.004116413718814318,0.35808952238059516,0.3328332083020755,0.7184296074018505,0.49337334333583394,0.30919193466547534,0.2535892231258899,0.7220236191701856,0.4648795639665404,"[199, 299, 399, 499, 599, 699, 799, 899, 999, 1099, 1199, 1299, 1399, 1499, 1599, 1699, 1799, 1899, 1999, 2099, 2199, 2299, 2399, 2499, 2599, 2699, 2799, 2899, 2999, 3099, 3199, 3299, 3399, 3499, 3599, 3699, 3799, 3899, 3999]"
1734282732,0.1,0.1,2,250,0.020888555472201382,0.006701675418854714,0.35808952238059516,0.3328332083020755,0.6714178544636159,0.4333583395848962,0.30919193466547534,0.2535892231258899,0.6746822077642877,0.4008160833713667,"[499, 749, 999, 1249, 1499, 1749, 1999, 2249, 2499, 2749, 2999, 3249, 3499, 3749, 3999]"
1734282740,0.1,0.1,2,500,0.037938055942557065,0.010681241739006182,0.35808952238059516,0.3328332083020755,0.6236559139784946,0.4076019004751188,0.30919193466547534,0.2535892231258899,0.6156531611053251,0.36157745256955415,"[999, 1499, 1999, 2499, 2999, 3499, 3999]"
1734282749,0.1,0.1,2,1000,0.07618571309494039,0.03392514795365509,0.35808952238059516,0.3328332083020755,0.5866466616654163,0.4346086521630408,0.30919193466547534,0.2535892231258899,0.5658834689229033,0.373826512064703,"[1999, 2999, 3999]"
1734282760,0.1,0.1,3,100,0.009239489359519367,0.004116413718814318,0.35808952238059516,0.3328332083020755,0.7184296074018505,0.49337334333583394,0.30919193466547534,0.2535892231258899,0.7220236191701856,0.4648795639665404,"[199, 299, 399, 499, 599, 699, 799, 899, 999, 1099, 1199, 1299, 1399, 1499, 1599, 1699, 1799, 1899, 1999, 2099, 2199, 2299, 2399, 2499, 2599, 2699, 2799, 2899, 2999, 3099, 3199, 3299, 3399, 3499, 3599, 3699, 3799, 3899, 3999]"
1734282768,0.1,0.1,3,250,0.020888555472201382,0.006701675418854714,0.35808952238059516,0.3328332083020755,0.6714178544636159,0.4333583395848962,0.30919193466547534,0.2535892231258899,0.6746822077642877,0.4008160833713667,"[499, 749, 999, 1249, 1499, 1749, 1999, 2249, 2499, 2749, 2999, 3249, 3499, 3749, 3999]"
1734282776,0.1,0.1,3,500,0.037938055942557065,0.010681241739006182,0.35808952238059516,0.3328332083020755,0.6236559139784946,0.4076019004751188,0.30919193466547534,0.2535892231258899,0.6156531611053251,0.36157745256955415,"[999, 1499, 1999, 2499, 2999, 3499, 3999]"
1734282785,0.1,0.1,3,1000,0.07618571309494039,0.03392514795365509,0.35808952238059516,0.3328332083020755,0.5866466616654163,0.4346086521630408,0.30919193466547534,0.2535892231258899,0.5658834689229033,0.373826512064703,"[1999, 2999, 3999]"
1734282796,0.1,0.01,2,100,0.009239489359519367,0.004116413718814318,0.35808952238059516,0.3328332083020755,0.7184296074018505,0.49337334333583394,0.30919193466547534,0.2535892231258899,0.7220236191701856,0.4648795639665404,"[199, 299, 399, 499, 599, 699, 799, 899, 999, 1099, 1199, 1299, 1399, 1499, 1599, 1699, 1799, 1899, 1999, 2099, 2199, 2299, 2399, 2499, 2599, 2699, 2799, 2899, 2999, 3099, 3199, 3299, 3399, 3499, 3599, 3699, 3799, 3899, 3999]"
1734282804,0.1,0.01,2,250,0.020888555472201382,0.006701675418854714,0.35808952238059516,0.3328332083020755,0.6714178544636159,0.4333583395848962,0.30919193466547534,0.2535892231258899,0.6746822077642877,0.4008160833713667,"[499, 749, 999, 1249, 1499, 1749, 1999, 2249, 2499, 2749, 2999, 3249, 3499, 3749, 3999]"
1734282812,0.1,0.01,2,500,0.037938055942557065,0.010681241739006182,0.35808952238059516,0.3328332083020755,0.6236559139784946,0.4076019004751188,0.30919193466547534,0.2535892231258899,0.6156531611053251,0.36157745256955415,"[999, 1499, 1999, 2499, 2999, 3499, 3999]"
1734282822,0.1,0.01,2,1000,0.07618571309494039,0.03392514795365509,0.35808952238059516,0.3328332083020755,0.5866466616654163,0.4346086521630408,0.30919193466547534,0.2535892231258899,0.5658834689229033,0.373826512064703,"[1999, 2999, 3999]"
1734282832,0.1,0.01,3,100,0.009239489359519367,0.004116413718814318,0.35808952238059516,0.3328332083020755,0.7184296074018505,0.49337334333583394,0.30919193466547534,0.2535892231258899,0.7220236191701856,0.4648795639665404,"[199, 299, 399, 499, 599, 699, 799, 899, 999, 1099, 1199, 1299, 1399, 1499, 1599, 1699, 1799, 1899, 1999, 2099, 2199, 2299, 2399, 2499, 2599, 2699, 2799, 2899, 2999, 3099, 3199, 3299, 3399, 3499, 3599, 3699, 3799, 3899, 3999]"
1734282840,0.1,0.01,3,250,0.020888555472201382,0.006701675418854714,0.35808952238059516,0.3328332083020755,0.6714178544636159,0.4333583395848962,0.30919193466547534,0.2535892231258899,0.6746822077642877,0.4008160833713667,"[499, 749, 999, 1249, 1499, 1749, 1999, 2249, 2499, 2749, 2999, 3249, 3499, 3749, 3999]"
1734282848,0.1,0.01,3,500,0.037938055942557065,0.010681241739006182,0.35808952238059516,0.3328332083020755,0.6236559139784946,0.4076019004751188,0.30919193466547534,0.2535892231258899,0.6156531611053251,0.36157745256955415,"[999, 1499, 1999, 2499, 2999, 3499, 3999]"
1734282858,0.1,0.01,3,1000,0.07618571309494039,0.03392514795365509,0.35808952238059516,0.3328332083020755,0.5866466616654163,0.4346086521630408,0.30919193466547534,0.2535892231258899,0.5658834689229033,0.373826512064703,"[1999, 2999, 3999]"
1734282868,0.01,0.1,2,100,0.009239489359519367,0.004116413718814318,0.35808952238059516,0.3328332083020755,0.7184296074018505,0.49337334333583394,0.30919193466547534,0.2535892231258899,0.7220236191701856,0.4648795639665404,"[199, 299, 399, 499, 599, 699, 799, 899, 999, 1099, 1199, 1299, 1399, 1499, 1599, 1699, 1799, 1899, 1999, 2099, 2199, 2299, 2399, 2499, 2599, 2699, 2799, 2899, 2999, 3099, 3199, 3299, 3399, 3499, 3599, 3699, 3799, 3899, 3999]"
1734282876,0.01,0.1,2,250,0.020888555472201382,0.006701675418854714,0.35808952238059516,0.3328332083020755,0.6714178544636159,0.4333583395848962,0.30919193466547534,0.2535892231258899,0.6746822077642877,0.4008160833713667,"[499, 749, 999, 1249, 1499, 1749, 1999, 2249, 2499, 2749, 2999, 3249, 3499, 3749, 3999]"
1734282884,0.01,0.1,2,500,0.037938055942557065,0.010681241739006182,0.35808952238059516,0.3328332083020755,0.6236559139784946,0.4076019004751188,0.30919193466547534,0.2535892231258899,0.6156531611053251,0.36157745256955415,"[999, 1499, 1999, 2499, 2999, 3499, 3999]"
1734282894,0.01,0.1,2,1000,0.07618571309494039,0.03392514795365509,0.35808952238059516,0.3328332083020755,0.5866466616654163,0.4346086521630408,0.30919193466547534,0.2535892231258899,0.5658834689229033,0.373826512064703,"[1999, 2999, 3999]"
1734282904,0.01,0.1,3,100,0.009239489359519367,0.004116413718814318,0.35808952238059516,0.3328332083020755,0.7184296074018505,0.49337334333583394,0.30919193466547534,0.2535892231258899,0.7220236191701856,0.4648795639665404,"[199, 299, 399, 499, 599, 699, 799, 899, 999, 1099, 1199, 1299, 1399, 1499, 1599, 1699, 1799, 1899, 1999, 2099, 2199, 2299, 2399, 2499, 2599, 2699, 2799, 2899, 2999, 3099, 3199, 3299, 3399, 3499, 3599, 3699, 3799, 3899, 3999]"
1734282913,0.01,0.1,3,250,0.020888555472201382,0.006701675418854714,0.35808952238059516,0.3328332083020755,0.6714178544636159,0.4333583395848962,0.30919193466547534,0.2535892231258899,0.6746822077642877,0.4008160833713667,"[499, 749, 999, 1249, 1499, 1749, 1999, 2249, 2499, 2749, 2999, 3249, 3499, 3749, 3999]"
1734282921,0.01,0.1,3,500,0.037938055942557065,0.010681241739006182,0.35808952238059516,0.3328332083020755,0.6236559139784946,0.4076019004751188,0.30919193466547534,0.2535892231258899,0.6156531611053251,0.36157745256955415,"[999, 1499, 1999, 2499, 2999, 3499, 3999]"
1734282930,0.01,0.1,3,1000,0.07618571309494039,0.03392514795365509,0.35808952238059516,0.3328332083020755,0.5866466616654163,0.4346086521630408,0.30919193466547534,0.2535892231258899,0.5658834689229033,0.373826512064703,"[1999, 2999, 3999]"
1734282941,0.01,0.01,2,100,0.009239489359519367,0.004116413718814318,0.35808952238059516,0.3328332083020755,0.7184296074018505,0.49337334333583394,0.30919193466547534,0.2535892231258899,0.7220236191701856,0.4648795639665404,"[199, 299, 399, 499, 599, 699, 799, 899, 999, 1099, 1199, 1299, 1399, 1499, 1599, 1699, 1799, 1899, 1999, 2099, 2199, 2299, 2399, 2499, 2599, 2699, 2799, 2899, 2999, 3099, 3199, 3299, 3399, 3499, 3599, 3699, 3799, 3899, 3999]"
1734282949,0.01,0.01,2,250,0.024666881005965778,0.006055085199871397,0.35808952238059516,0.3328332083020755,0.703425856464116,0.4176044011002751,0.30919193466547534,0.2535892231258899,0.7006046286137655,0.38254657442040135,"[499, 768, 1018, 1268, 1518, 1768, 2018, 2268, 2518, 2768, 3018, 3300, 3550, 3800]"
1734282957,0.01,0.01,2,500,0.037938055942557065,0.010681241739006182,0.35808952238059516,0.3328332083020755,0.6236559139784946,0.4076019004751188,0.30919193466547534,0.2535892231258899,0.6156531611053251,0.36157745256955415,"[999, 1499, 1999, 2499, 2999, 3499, 3999]"
1734282966,0.01,0.01,2,1000,0.1142785696424106,0.05088772193048263,0.35808952238059516,0.3328332083020755,0.5866466616654163,0.4346086521630408,0.30919193466547534,0.2535892231258899,0.5658834689229033,0.373826512064703,"[1999, 2999]"
1734282977,0.01,0.01,3,100,0.010515786841447203,0.004066806175228018,0.35808952238059516,0.3328332083020755,0.7576894223555889,0.4873718429607402,0.30919193466547534,0.2535892231258899,0.7614650035570746,0.45684759504562267,"[199, 299, 399, 499, 599, 699, 799, 899, 999, 1099, 1199, 1299, 1399, 1499, 1599, 1699, 1827, 1927, 2027, 2127, 2227, 2327, 2427, 2527, 2627, 2727, 2827, 2927, 3027, 3127, 3227, 3327, 3427, 3527, 3627, 3727, 3827, 3927]"
1734282985,0.01,0.01,3,250,0.020888555472201382,0.006701675418854714,0.35808952238059516,0.3328332083020755,0.6714178544636159,0.4333583395848962,0.30919193466547534,0.2535892231258899,0.6746822077642877,0.4008160833713667,"[499, 749, 999, 1249, 1499, 1749, 1999, 2249, 2499, 2749, 2999, 3249, 3499, 3749, 3999]"
1734282993,0.01,0.01,3,500,0.037938055942557065,0.010681241739006182,0.35808952238059516,0.3328332083020755,0.6236559139784946,0.4076019004751188,0.30919193466547534,0.2535892231258899,0.6156531611053251,0.36157745256955415,"[999, 1499, 1999, 2499, 2999, 3499, 3999]"
1734283002,0.01,0.01,3,1000,0.07618571309494039,0.03392514795365509,0.35808952238059516,0.3328332083020755,0.5866466616654163,0.4346086521630408,0.30919193466547534,0.2535892231258899,0.5658834689229033,0.373826512064703,"[1999, 2999, 3999]"
1734283013,0.1,0.1,2,100,0.009239489359519367,0.004116413718814318,0.35808952238059516,0.3328332083020755,0.7184296074018505,0.49337334333583394,0.30919193466547534,0.2535892231258899,0.7220236191701856,0.4648795639665404,"[199, 299, 399, 499, 599, 699, 799, 899, 999, 1099, 1199, 1299, 1399, 1499, 1599, 1699, 1799, 1899, 1999, 2099, 2199, 2299, 2399, 2499, 2599, 2699, 2799, 2899, 2999, 3099, 3199, 3299, 3399, 3499, 3599, 3699, 3799, 3899, 3999]"
1734283021,0.1,0.1,2,250,0.020888555472201382,0.006701675418854714,0.35808952238059516,0.3328332083020755,0.6714178544636159,0.4333583395848962,0.30919193466547534,0.2535892231258899,0.6746822077642877,0.4008160833713667,"[499, 749, 999, 1249, 1499, 1749, 1999, 2249, 2499, 2749, 2999, 3249, 3499, 3749, 3999]"
1734283029,0.1,0.1,2,500,0.037938055942557065,0.010681241739006182,0.35808952238059516,0.3328332083020755,0.6236559139784946,0.4076019004751188,0.30919193466547534,0.2535892231258899,0.6156531611053251,0.36157745256955415,"[999, 1499, 1999, 2499, 2999, 3499, 3999]"
1734283038,0.1,0.1,2,1000,0.07618571309494039,0.03392514795365509,0.35808952238059516,0.3328332083020755,0.5866466616654163,0.4346086521630408,0.30919193466547534,0.2535892231258899,0.5658834689229033,0.373826512064703,"[1999, 2999, 3999]"
1734283049,0.1,0.1,3,100,0.009239489359519367,0.004116413718814318,0.35808952238059516,0.3328332083020755,0.7184296074018505,0.49337334333583394,0.30919193466547534,0.2535892231258899,0.7220236191701856,0.4648795639665404,"[199, 299, 399, 499, 599, 699, 799, 899, 999, 1099, 1199, 1299, 1399, 1499, 1599, 1699, 1799, 1899, 1999, 2099, 2199, 2299, 2399, 2499, 2599, 2699, 2799, 2899, 2999, 3099, 3199, 3299, 3399, 3499, 3599, 3699, 3799, 3899, 3999]"
1734283057,0.1,0.1,3,250,0.020888555472201382,0.006701675418854714,0.35808952238059516,0.3328332083020755,0.6714178544636159,0.4333583395848962,0.30919193466547534,0.2535892231258899,0.6746822077642877,0.4008160833713667,"[499, 749, 999, 1249, 1499, 1749, 1999, 2249, 2499, 2749, 2999, 3249, 3499, 3749, 3999]"
1734283065,0.1,0.1,3,500,0.037938055942557065,0.010681241739006182,0.35808952238059516,0.3328332083020755,0.6236559139784946,0.4076019004751188,0.30919193466547534,0.2535892231258899,0.6156531611053251,0.36157745256955415,"[999, 1499, 1999, 2499, 2999, 3499, 3999]"
1734283075,0.1,0.1,3,1000,0.07618571309494039,0.03392514795365509,0.35808952238059516,0.3328332083020755,0.5866466616654163,0.4346086521630408,0.30919193466547534,0.2535892231258899,0.5658834689229033,0.373826512064703,"[1999, 2999, 3999]"
1734283086,0.1,0.01,2,100,0.009239489359519367,0.004116413718814318,0.35808952238059516,0.3328332083020755,0.7184296074018505,0.49337334333583394,0.30919193466547534,0.2535892231258899,0.7220236191701856,0.4648795639665404,"[199, 299, 399, 499, 599, 699, 799, 899, 999, 1099, 1199, 1299, 1399, 1499, 1599, 1699, 1799, 1899, 1999, 2099, 2199, 2299, 2399, 2499, 2599, 2699, 2799, 2899, 2999, 3099, 3199, 3299, 3399, 3499, 3599, 3699, 3799, 3899, 3999]"
1734283094,0.1,0.01,2,250,0.020888555472201382,0.006701675418854714,0.35808952238059516,0.3328332083020755,0.6714178544636159,0.4333583395848962,0.30919193466547534,0.2535892231258899,0.6746822077642877,0.4008160833713667,"[499, 749, 999, 1249, 1499, 1749, 1999, 2249, 2499, 2749, 2999, 3249, 3499, 3749, 3999]"
1734283102,0.1,0.01,2,500,0.037938055942557065,0.010681241739006182,0.35808952238059516,0.3328332083020755,0.6236559139784946,0.4076019004751188,0.30919193466547534,0.2535892231258899,0.6156531611053251,0.36157745256955415,"[999, 1499, 1999, 2499, 2999, 3499, 3999]"
1734283111,0.1,0.01,2,1000,0.07618571309494039,0.03392514795365509,0.35808952238059516,0.3328332083020755,0.5866466616654163,0.4346086521630408,0.30919193466547534,0.2535892231258899,0.5658834689229033,0.373826512064703,"[1999, 2999, 3999]"
1734283122,0.1,0.01,3,100,0.009239489359519367,0.004116413718814318,0.35808952238059516,0.3328332083020755,0.7184296074018505,0.49337334333583394,0.30919193466547534,0.2535892231258899,0.7220236191701856,0.4648795639665404,"[199, 299, 399, 499, 599, 699, 799, 899, 999, 1099, 1199, 1299, 1399, 1499, 1599, 1699, 1799, 1899, 1999, 2099, 2199, 2299, 2399, 2499, 2599, 2699, 2799, 2899, 2999, 3099, 3199, 3299, 3399, 3499, 3599, 3699, 3799, 3899, 3999]"
1734283130,0.1,0.01,3,250,0.020888555472201382,0.006701675418854714,0.35808952238059516,0.3328332083020755,0.6714178544636159,0.4333583395848962,0.30919193466547534,0.2535892231258899,0.6746822077642877,0.4008160833713667,"[499, 749, 999, 1249, 1499, 1749, 1999, 2249, 2499, 2749, 2999, 3249, 3499, 3749, 3999]"
1734283138,0.1,0.01,3,500,0.037938055942557065,0.010681241739006182,0.35808952238059516,0.3328332083020755,0.6236559139784946,0.4076019004751188,0.30919193466547534,0.2535892231258899,0.6156531611053251,0.36157745256955415,"[999, 1499, 1999, 2499, 2999, 3499, 3999]"
1734283147,0.1,0.01,3,1000,0.07618571309494039,0.03392514795365509,0.35808952238059516,0.3328332083020755,0.5866466616654163,0.4346086521630408,0.30919193466547534,0.2535892231258899,0.5658834689229033,0.373826512064703,"[1999, 2999, 3999]"
1734283158,0.01,0.1,2,100,0.009239489359519367,0.004116413718814318,0.35808952238059516,0.3328332083020755,0.7184296074018505,0.49337334333583394,0.30919193466547534,0.2535892231258899,0.7220236191701856,0.4648795639665404,"[199, 299, 399, 499, 599, 699, 799, 899, 999, 1099, 1199, 1299, 1399, 1499, 1599, 1699, 1799, 1899, 1999, 2099, 2199, 2299, 2399, 2499, 2599, 2699, 2799, 2899, 2999, 3099, 3199, 3299, 3399, 3499, 3599, 3699, 3799, 3899, 3999]"
1734283166,0.01,0.1,2,250,0.020888555472201382,0.006701675418854714,0.35808952238059516,0.3328332083020755,0.6714178544636159,0.4333583395848962,0.30919193466547534,0.2535892231258899,0.6746822077642877,0.4008160833713667,"[499, 749, 999, 1249, 1499, 1749, 1999, 2249, 2499, 2749, 2999, 3249, 3499, 3749, 3999]"
1734283174,0.01,0.1,2,500,0.037938055942557065,0.010681241739006182,0.35808952238059516,0.3328332083020755,0.6236559139784946,0.4076019004751188,0.30919193466547534,0.2535892231258899,0.6156531611053251,0.36157745256955415,"[999, 1499, 1999, 2499, 2999, 3499, 3999]"
1734283183,0.01,0.1,2,1000,0.07618571309494039,0.03392514795365509,0.35808952238059516,0.3328332083020755,0.5866466616654163,0.4346086521630408,0.30919193466547534,0.2535892231258899,0.5658834689229033,0.373826512064703,"[1999, 2999, 3999]"
1734283194,0.01,0.1,3,100,0.009239489359519367,0.004116413718814318,0.35808952238059516,0.3328332083020755,0.7184296074018505,0.49337334333583394,0.30919193466547534,0.2535892231258899,0.7220236191701856,0.4648795639665404,"[199, 299, 399, 499, 599, 699, 799, 899, 999, 1099, 1199, 1299, 1399, 1499, 1599, 1699, 1799, 1899, 1999, 2099, 2199, 2299, 2399, 2499, 2599, 2699, 2799, 2899, 2999, 3099, 3199, 3299, 3399, 3499, 3599, 3699, 3799, 3899, 3999]"
1734283202,0.01,0.1,3,250,0.020888555472201382,0.006701675418854714,0.35808952238059516,0.3328332083020755,0.6714178544636159,0.4333583395848962,0.30919193466547534,0.2535892231258899,0.6746822077642877,0.4008160833713667,"[499, 749, 999, 1249, 1499, 1749, 1999, 2249, 2499, 2749, 2999, 3249, 3499, 3749, 3999]"
1734283210,0.01,0.1,3,500,0.037938055942557065,0.010681241739006182,0.35808952238059516,0.3328332083020755,0.6236559139784946,0.4076019004751188,0.30919193466547534,0.2535892231258899,0.6156531611053251,0.36157745256955415,"[999, 1499, 1999, 2499, 2999, 3499, 3999]"
1734283219,0.01,0.1,3,1000,0.07618571309494039,0.03392514795365509,0.35808952238059516,0.3328332083020755,0.5866466616654163,0.4346086521630408,0.30919193466547534,0.2535892231258899,0.5658834689229033,0.373826512064703,"[1999, 2999, 3999]"
1734283230,0.01,0.01,2,100,0.009239489359519367,0.004116413718814318,0.35808952238059516,0.3328332083020755,0.7184296074018505,0.49337334333583394,0.30919193466547534,0.2535892231258899,0.7220236191701856,0.4648795639665404,"[199, 299, 399, 499, 599, 699, 799, 899, 999, 1099, 1199, 1299, 1399, 1499, 1599, 1699, 1799, 1899, 1999, 2099, 2199, 2299, 2399, 2499, 2599, 2699, 2799, 2899, 2999, 3099, 3199, 3299, 3399, 3499, 3599, 3699, 3799, 3899, 3999]"
1734283238,0.01,0.01,2,250,0.024666881005965778,0.006055085199871397,0.35808952238059516,0.3328332083020755,0.703425856464116,0.4176044011002751,0.30919193466547534,0.2535892231258899,0.7006046286137655,0.38254657442040135,"[499, 768, 1018, 1268, 1518, 1768, 2018, 2268, 2518, 2768, 3018, 3300, 3550, 3800]"
1734283246,0.01,0.01,2,500,0.037938055942557065,0.010681241739006182,0.35808952238059516,0.3328332083020755,0.6236559139784946,0.4076019004751188,0.30919193466547534,0.2535892231258899,0.6156531611053251,0.36157745256955415,"[999, 1499, 1999, 2499, 2999, 3499, 3999]"
1734283255,0.01,0.01,2,1000,0.1142785696424106,0.05088772193048263,0.35808952238059516,0.3328332083020755,0.5866466616654163,0.4346086521630408,0.30919193466547534,0.2535892231258899,0.5658834689229033,0.373826512064703,"[1999, 2999]"
1734283266,0.01,0.01,3,100,0.010515786841447203,0.004066806175228018,0.35808952238059516,0.3328332083020755,0.7576894223555889,0.4873718429607402,0.30919193466547534,0.2535892231258899,0.7614650035570746,0.45684759504562267,"[199, 299, 399, 499, 599, 699, 799, 899, 999, 1099, 1199, 1299, 1399, 1499, 1599, 1699, 1827, 1927, 2027, 2127, 2227, 2327, 2427, 2527, 2627, 2727, 2827, 2927, 3027, 3127, 3227, 3327, 3427, 3527, 3627, 3727, 3827, 3927]"
1734283274,0.01,0.01,3,250,0.020888555472201382,0.006701675418854714,0.35808952238059516,0.3328332083020755,0.6714178544636159,0.4333583395848962,0.30919193466547534,0.2535892231258899,0.6746822077642877,0.4008160833713667,"[499, 749, 999, 1249, 1499, 1749, 1999, 2249, 2499, 2749, 2999, 3249, 3499, 3749, 3999]"
1734283282,0.01,0.01,3,500,0.037938055942557065,0.010681241739006182,0.35808952238059516,0.3328332083020755,0.6236559139784946,0.4076019004751188,0.30919193466547534,0.2535892231258899,0.6156531611053251,0.36157745256955415,"[999, 1499, 1999, 2499, 2999, 3499, 3999]"
1734283291,0.01,0.01,3,1000,0.07618571309494039,0.03392514795365509,0.35808952238059516,0.3328332083020755,0.5866466616654163,0.4346086521630408,0.30919193466547534,0.2535892231258899,0.5658834689229033,0.373826512064703,"[1999, 2999, 3999]"
1734283302,0.1,0.1,2,100,0.009239489359519367,0.004116413718814318,0.35808952238059516,0.3328332083020755,0.7184296074018505,0.49337334333583394,0.30919193466547534,0.2535892231258899,0.7220236191701856,0.4648795639665404,"[199, 299, 399, 499, 599, 699, 799, 899, 999, 1099, 1199, 1299, 1399, 1499, 1599, 1699, 1799, 1899, 1999, 2099, 2199, 2299, 2399, 2499, 2599, 2699, 2799, 2899, 2999, 3099, 3199, 3299, 3399, 3499, 3599, 3699, 3799, 3899, 3999]"
1734283310,0.1,0.1,2,250,0.020888555472201382,0.006701675418854714,0.35808952238059516,0.3328332083020755,0.6714178544636159,0.4333583395848962,0.30919193466547534,0.2535892231258899,0.6746822077642877,0.4008160833713667,"[499, 749, 999, 1249, 1499, 1749, 1999, 2249, 2499, 2749, 2999, 3249, 3499, 3749, 3999]"
1734283318,0.1,0.1,2,500,0.037938055942557065,0.010681241739006182,0.35808952238059516,0.3328332083020755,0.6236559139784946,0.4076019004751188,0.30919193466547534,0.2535892231258899,0.6156531611053251,0.36157745256955415,"[999, 1499, 1999, 2499, 2999, 3499, 3999]"
1734283327,0.1,0.1,2,1000,0.07618571309494039,0.03392514795365509,0.35808952238059516,0.3328332083020755,0.5866466616654163,0.4346086521630408,0.30919193466547534,0.2535892231258899,0.5658834689229033,0.373826512064703,"[1999, 2999, 3999]"
1734283338,0.1,0.1,3,100,0.009239489359519367,0.004116413718814318,0.35808952238059516,0.3328332083020755,0.7184296074018505,0.49337334333583394,0.30919193466547534,0.2535892231258899,0.7220236191701856,0.4648795639665404,"[199, 299, 399, 499, 599, 699, 799, 899, 999, 1099, 1199, 1299, 1399, 1499, 1599, 1699, 1799, 1899, 1999, 2099, 2199, 2299, 2399, 2499, 2599, 2699, 2799, 2899, 2999, 3099, 3199, 3299, 3399, 3499, 3599, 3699, 3799, 3899, 3999]"
1734283346,0.1,0.1,3,250,0.020888555472201382,0.006701675418854714,0.35808952238059516,0.3328332083020755,0.6714178544636159,0.4333583395848962,0.30919193466547534,0.2535892231258899,0.6746822077642877,0.4008160833713667,"[499, 749, 999, 1249, 1499, 1749, 1999, 2249, 2499, 2749, 2999, 3249, 3499, 3749, 3999]"
1734283354,0.1,0.1,3,500,0.037938055942557065,0.010681241739006182,0.35808952238059516,0.3328332083020755,0.6236559139784946,0.4076019004751188,0.30919193466547534,0.2535892231258899,0.6156531611053251,0.36157745256955415,"[999, 1499, 1999, 2499, 2999, 3499, 3999]"
1734283364,0.1,0.1,3,1000,0.07618571309494039,0.03392514795365509,0.35808952238059516,0.3328332083020755,0.5866466616654163,0.4346086521630408,0.30919193466547534,0.2535892231258899,0.5658834689229033,0.373826512064703,"[1999, 2999, 3999]"
1734283375,0.1,0.01,2,100,0.009239489359519367,0.004116413718814318,0.35808952238059516,0.3328332083020755,0.7184296074018505,0.49337334333583394,0.30919193466547534,0.2535892231258899,0.7220236191701856,0.4648795639665404,"[199, 299, 399, 499, 599, 699, 799, 899, 999, 1099, 1199, 1299, 1399, 1499, 1599, 1699, 1799, 1899, 1999, 2099, 2199, 2299, 2399, 2499, 2599, 2699, 2799, 2899, 2999, 3099, 3199, 3299, 3399, 3499, 3599, 3699, 3799, 3899, 3999]"
1734283383,0.1,0.01,2,250,0.020888555472201382,0.006701675418854714,0.35808952238059516,0.3328332083020755,0.6714178544636159,0.4333583395848962,0.30919193466547534,0.2535892231258899,0.6746822077642877,0.4008160833713667,"[499, 749, 999, 1249, 1499, 1749, 1999, 2249, 2499, 2749, 2999, 3249, 3499, 3749, 3999]"
1734283391,0.1,0.01,2,500,0.037938055942557065,0.010681241739006182,0.35808952238059516,0.3328332083020755,0.6236559139784946,0.4076019004751188,0.30919193466547534,0.2535892231258899,0.6156531611053251,0.36157745256955415,"[999, 1499, 1999, 2499, 2999, 3499, 3999]"
1734283400,0.1,0.01,2,1000,0.07618571309494039,0.03392514795365509,0.35808952238059516,0.3328332083020755,0.5866466616654163,0.4346086521630408,0.30919193466547534,0.2535892231258899,0.5658834689229033,0.373826512064703,"[1999, 2999, 3999]"
1734283411,0.1,0.01,3,100,0.009239489359519367,0.004116413718814318,0.35808952238059516,0.3328332083020755,0.7184296074018505,0.49337334333583394,0.30919193466547534,0.2535892231258899,0.7220236191701856,0.4648795639665404,"[199, 299, 399, 499, 599, 699, 799, 899, 999, 1099, 1199, 1299, 1399, 1499, 1599, 1699, 1799, 1899, 1999, 2099, 2199, 2299, 2399, 2499, 2599, 2699, 2799, 2899, 2999, 3099, 3199, 3299, 3399, 3499, 3599, 3699, 3799, 3899, 3999]"
1734283419,0.1,0.01,3,250,0.020888555472201382,0.006701675418854714,0.35808952238059516,0.3328332083020755,0.6714178544636159,0.4333583395848962,0.30919193466547534,0.2535892231258899,0.6746822077642877,0.4008160833713667,"[499, 749, 999, 1249, 1499, 1749, 1999, 2249, 2499, 2749, 2999, 3249, 3499, 3749, 3999]"
1734283427,0.1,0.01,3,500,0.037938055942557065,0.010681241739006182,0.35808952238059516,0.3328332083020755,0.6236559139784946,0.4076019004751188,0.30919193466547534,0.2535892231258899,0.6156531611053251,0.36157745256955415,"[999, 1499, 1999, 2499, 2999, 3499, 3999]"
1734283436,0.1,0.01,3,1000,0.07618571309494039,0.03392514795365509,0.35808952238059516,0.3328332083020755,0.5866466616654163,0.4346086521630408,0.30919193466547534,0.2535892231258899,0.5658834689229033,0.373826512064703,"[1999, 2999, 3999]"
1734283447,0.01,0.1,2,100,0.009239489359519367,0.004116413718814318,0.35808952238059516,0.3328332083020755,0.7184296074018505,0.49337334333583394,0.30919193466547534,0.2535892231258899,0.7220236191701856,0.4648795639665404,"[199, 299, 399, 499, 599, 699, 799, 899, 999, 1099, 1199, 1299, 1399, 1499, 1599, 1699, 1799, 1899, 1999, 2099, 2199, 2299, 2399, 2499, 2599, 2699, 2799, 2899, 2999, 3099, 3199, 3299, 3399, 3499, 3599, 3699, 3799, 3899, 3999]"
1734283455,0.01,0.1,2,250,0.020888555472201382,0.006701675418854714,0.35808952238059516,0.3328332083020755,0.6714178544636159,0.4333583395848962,0.30919193466547534,0.2535892231258899,0.6746822077642877,0.4008160833713667,"[499, 749, 999, 1249, 1499, 1749, 1999, 2249, 2499, 2749, 2999, 3249, 3499, 3749, 3999]"
1734283463,0.01,0.1,2,500,0.037938055942557065,0.010681241739006182,0.35808952238059516,0.3328332083020755,0.6236559139784946,0.4076019004751188,0.30919193466547534,0.2535892231258899,0.6156531611053251,0.36157745256955415,"[999, 1499, 1999, 2499, 2999, 3499, 3999]"
1734283472,0.01,0.1,2,1000,0.07618571309494039,0.03392514795365509,0.35808952238059516,0.3328332083020755,0.5866466616654163,0.4346086521630408,0.30919193466547534,0.2535892231258899,0.5658834689229033,0.373826512064703,"[1999, 2999, 3999]"
1734283483,0.01,0.1,3,100,0.009239489359519367,0.004116413718814318,0.35808952238059516,0.3328332083020755,0.7184296074018505,0.49337334333583394,0.30919193466547534,0.2535892231258899,0.7220236191701856,0.4648795639665404,"[199, 299, 399, 499, 599, 699, 799, 899, 999, 1099, 1199, 1299, 1399, 1499, 1599, 1699, 1799, 1899, 1999, 2099, 2199, 2299, 2399, 2499, 2599, 2699, 2799, 2899, 2999, 3099, 3199, 3299, 3399, 3499, 3599, 3699, 3799, 3899, 3999]"
1734283491,0.01,0.1,3,250,0.020888555472201382,0.006701675418854714,0.35808952238059516,0.3328332083020755,0.6714178544636159,0.4333583395848962,0.30919193466547534,0.2535892231258899,0.6746822077642877,0.4008160833713667,"[499, 749, 999, 1249, 1499, 1749, 1999, 2249, 2499, 2749, 2999, 3249, 3499, 3749, 3999]"
1734283499,0.01,0.1,3,500,0.037938055942557065,0.010681241739006182,0.35808952238059516,0.3328332083020755,0.6236559139784946,0.4076019004751188,0.30919193466547534,0.2535892231258899,0.6156531611053251,0.36157745256955415,"[999, 1499, 1999, 2499, 2999, 3499, 3999]"
1734283509,0.01,0.1,3,1000,0.07618571309494039,0.03392514795365509,0.35808952238059516,0.3328332083020755,0.5866466616654163,0.4346086521630408,0.30919193466547534,0.2535892231258899,0.5658834689229033,0.373826512064703,"[1999, 2999, 3999]"
1734283519,0.01,0.01,2,100,0.009239489359519367,0.004116413718814318,0.35808952238059516,0.3328332083020755,0.7184296074018505,0.49337334333583394,0.30919193466547534,0.2535892231258899,0.7220236191701856,0.4648795639665404,"[199, 299, 399, 499, 599, 699, 799, 899, 999, 1099, 1199, 1299, 1399, 1499, 1599, 1699, 1799, 1899, 1999, 2099, 2199, 2299, 2399, 2499, 2599, 2699, 2799, 2899, 2999, 3099, 3199, 3299, 3399, 3499, 3599, 3699, 3799, 3899, 3999]"
1734283527,0.01,0.01,2,250,0.024666881005965778,0.006055085199871397,0.35808952238059516,0.3328332083020755,0.703425856464116,0.4176044011002751,0.30919193466547534,0.2535892231258899,0.7006046286137655,0.38254657442040135,"[499, 768, 1018, 1268, 1518, 1768, 2018, 2268, 2518, 2768, 3018, 3300, 3550, 3800]"
1734283535,0.01,0.01,2,500,0.037938055942557065,0.010681241739006182,0.35808952238059516,0.3328332083020755,0.6236559139784946,0.4076019004751188,0.30919193466547534,0.2535892231258899,0.6156531611053251,0.36157745256955415,"[999, 1499, 1999, 2499, 2999, 3499, 3999]"
1734283545,0.01,0.01,2,1000,0.1142785696424106,0.05088772193048263,0.35808952238059516,0.3328332083020755,0.5866466616654163,0.4346086521630408,0.30919193466547534,0.2535892231258899,0.5658834689229033,0.373826512064703,"[1999, 2999]"
1734283556,0.01,0.01,3,100,0.010515786841447203,0.004066806175228018,0.35808952238059516,0.3328332083020755,0.7576894223555889,0.4873718429607402,0.30919193466547534,0.2535892231258899,0.7614650035570746,0.45684759504562267,"[199, 299, 399, 499, 599, 699, 799, 899, 999, 1099, 1199, 1299, 1399, 1499, 1599, 1699, 1827, 1927, 2027, 2127, 2227, 2327, 2427, 2527, 2627, 2727, 2827, 2927, 3027, 3127, 3227, 3327, 3427, 3527, 3627, 3727, 3827, 3927]"
1734283564,0.01,0.01,3,250,0.020888555472201382,0.006701675418854714,0.35808952238059516,0.3328332083020755,0.6714178544636159,0.4333583395848962,0.30919193466547534,0.2535892231258899,0.6746822077642877,0.4008160833713667,"[499, 749, 999, 1249, 1499, 1749, 1999, 2249, 2499, 2749, 2999, 3249, 3499, 3749, 3999]"
1734283572,0.01,0.01,3,500,0.037938055942557065,0.010681241739006182,0.35808952238059516,0.3328332083020755,0.6236559139784946,0.4076019004751188,0.30919193466547534,0.2535892231258899,0.6156531611053251,0.36157745256955415,"[999, 1499, 1999, 2499, 2999, 3499, 3999]"
1734283581,0.01,0.01,3,1000,0.07618571309494039,0.03392514795365509,0.35808952238059516,0.3328332083020755,0.5866466616654163,0.4346086521630408,0.30919193466547534,0.2535892231258899,0.5658834689229033,0.373826512064703,"[1999, 2999, 3999]"
