n_consecutive_deviations,n_permutations,n_samples,update_interval,acc (ht-dd) (mean),acc (ht-dd) (std),count,stream
4,40,1000,100,0.8462580830261967,0.000753511268119,5,Electricity
4,20,1000,100,0.8453576394253052,0.0007813732191786,5,Electricity
4,10,1000,100,0.8450795612544415,0.000502443182034,5,Electricity
1,40,1000,100,0.8419280086513208,0.0006718763674864,5,Electricity
1,20,1000,100,0.8415925492705965,0.0009567410535576,5,Electricity
1,10,1000,100,0.8414424753371146,0.0011885509794395,5,Electricity
1,20,500,100,0.8405729293107633,0.0002580361837622,5,Electricity
1,40,500,100,0.8402904372006799,0.0001810522328087,5,Electricity
1,10,500,100,0.8401845026593984,0.0001565237865109,5,Electricity
4,10,100,100,0.8375758645803447,0.0002913701426067,5,Electricity
4,20,100,100,0.8373728233762222,0.0002311530705174,5,Electricity
4,40,250,100,0.8361634040299265,0.0009706401883758,5,Electricity
1,40,100,250,0.8354086204232967,0.0015906571749156,5,Electricity
4,20,250,100,0.8348127386285891,0.00052305645361,5,Electricity
1,10,250,100,0.8346582507558871,0.0005502838747598,5,Electricity
1,20,250,100,0.8345390743969455,0.0006640008351576,5,Electricity
4,40,100,100,0.834494935004745,0.0012369272216643,5,Electricity
4,10,250,100,0.8344728653086447,0.0001647115107328,5,Electricity
4,20,100,50,0.83410209441416,0.0001430279777186,5,Electricity
4,10,100,50,0.834040299265079,0.0001982590954203,5,Electricity
1,40,250,100,0.8339299507845777,0.0002891888209097,5,Electricity
4,40,100,50,0.8338240162432964,0.0002901136893938,5,Electricity
1,20,100,250,0.8334400035311514,0.0009507916059472,5,Electricity
1,10,100,250,0.8332104786917084,0.0032909979767888,5,Electricity
4,10,500,100,0.8331045441504271,0.0013019624362608,5,Electricity
4,40,500,100,0.8330471629405662,0.0014680412814095,5,Electricity
1,40,100,100,0.8328485356756637,0.0013527841612928,5,Electricity
1,10,1000,250,0.8324512811458586,0.0009550595645064,5,Electricity
1,10,100,100,0.8323585884222375,0.0014075380169422,5,Electricity
4,10,1000,250,0.8319304363178919,0.000228077255991,5,Electricity
1,20,100,100,0.8318774690472512,0.0003134363072745,5,Electricity
4,20,1000,250,0.8315155260312066,0.0003779012565249,5,Electricity
4,20,500,100,0.8315111120919865,0.0016842952400546,5,Electricity
1,40,1000,250,0.8311226854406215,0.0006304366205595,5,Electricity
1,20,1000,250,0.8311138575621815,0.0003139021529226,5,Electricity
4,40,1000,250,0.8305444594027941,0.0004534772115243,5,Electricity
4,10,100,250,0.830465008496833,0.0042028547902991,5,Electricity
4,40,250,50,0.8303061066849109,6.0440351957030446e-05,5,Electricity
4,20,250,50,0.8300633400278079,3.822583495332237e-05,5,Electricity
4,10,250,50,0.8300412703317075,0.0,5,Electricity
1,20,250,50,0.8296881551941029,0.0001986272649025,5,Electricity
4,20,1000,50,0.8293791794486989,0.0001973973628919,5,Electricity
1,10,250,50,0.8293350400564984,0.0,5,Electricity
1,40,250,50,0.829224691575997,0.0,5,Electricity
4,40,1000,50,0.8289730970404537,8.772530694244464e-05,5,Electricity
4,10,1000,50,0.8288759903776125,6.694070264658858e-05,5,Electricity
1,20,1000,50,0.828836264924632,1.2088070391405244e-05,5,Electricity
1,10,1000,50,0.828522875240008,0.000265937548611,5,Electricity
4,20,500,50,0.8283021782790051,1.8464832524824546e-05,5,Electricity
4,40,500,50,0.828293350400565,1.846483252486877e-05,5,Electricity
4,10,500,50,0.8282403831299243,1.97397362892004e-05,5,Electricity
1,40,1000,50,0.8282315552514842,0.0,5,Electricity
1,20,500,50,0.8281212067709827,0.0,5,Electricity
1,10,500,50,0.8279314073845203,0.0003139021529226,5,Electricity
1,40,500,50,0.8276224316391163,0.0004836738929341,5,Electricity
4,40,100,250,0.8274061486173336,0.001998166932929,5,Electricity
4,20,100,250,0.8268808898501467,0.0055090621016776,5,Electricity
1,20,100,50,0.8261393480611773,2.4176140782843432e-05,5,Electricity
1,10,100,50,0.826134934121957,8.964752934867137e-05,5,Electricity
1,40,100,50,0.8260157577630156,0.0001087926335227,5,Electricity
1,10,500,250,0.818375228973097,0.0017395625105082,5,Electricity
4,10,500,250,0.81782348657059,0.0008984562168963,5,Electricity
4,40,500,250,0.8174085762839045,0.0013298342570484,5,Electricity
1,40,500,250,0.8165037187437928,0.0008240896631268,5,Electricity
1,20,500,250,0.8158327999823441,0.0008767532259081,5,Electricity
4,20,500,250,0.81550616848006,0.0021161950201605,5,Electricity
4,20,250,250,0.8121206770982763,0.0048153679710177,5,Electricity
1,20,250,250,0.8109112577519808,0.00387878911625,5,Electricity
1,10,250,250,0.8097239081017854,0.0053074889015799,5,Electricity
1,40,250,250,0.8093045838758801,0.0029904071742671,5,Electricity
4,10,250,250,0.8078612257509213,0.0046964396270114,5,Electricity
4,40,250,250,0.8061309615766591,0.0055148324341004,5,Electricity
4,40,250,250,0.6656385414498458,0.0,5,InsectsAbruptBalanced
4,20,250,250,0.6656385414498458,0.0,5,InsectsAbruptBalanced
4,10,250,250,0.6656006963498401,0.0,5,InsectsAbruptBalanced
4,10,100,250,0.6634170340795126,0.0009795595723052,5,InsectsAbruptBalanced
4,40,100,100,0.6628190814994228,0.0,5,InsectsAbruptBalanced
4,10,100,100,0.6628190814994228,0.0,5,InsectsAbruptBalanced
4,20,100,100,0.6628190814994228,0.0,5,InsectsAbruptBalanced
4,20,100,250,0.6624709065793707,0.0012592811303929,5,InsectsAbruptBalanced
4,40,100,250,0.6620356879293053,0.001020906207873,5,InsectsAbruptBalanced
4,40,500,250,0.6616458833992469,0.0,5,InsectsAbruptBalanced
4,20,500,250,0.6616458833992469,0.0,5,InsectsAbruptBalanced
4,10,500,250,0.6616458833992469,0.0,5,InsectsAbruptBalanced
4,40,100,50,0.6615512706492327,0.0,5,InsectsAbruptBalanced
4,10,100,50,0.6615512706492327,0.0,5,InsectsAbruptBalanced
4,20,100,50,0.6615512706492327,0.0,5,InsectsAbruptBalanced
4,40,250,100,0.6561961889984295,0.0,5,InsectsAbruptBalanced
4,10,250,100,0.6561961889984295,0.0,5,InsectsAbruptBalanced
4,20,250,100,0.6561961889984295,0.0,5,InsectsAbruptBalanced
4,20,250,50,0.6547959202982194,0.0,5,InsectsAbruptBalanced
4,40,250,50,0.6547959202982194,0.0,5,InsectsAbruptBalanced
4,10,250,50,0.6547959202982194,0.0,5,InsectsAbruptBalanced
1,20,100,250,0.6526425341078964,0.0003543623266411,5,InsectsAbruptBalanced
1,10,100,250,0.65253278331788,0.0002833963799313,5,InsectsAbruptBalanced
1,40,100,250,0.6524230325278635,0.0003541601804029,5,InsectsAbruptBalanced
1,40,1000,250,0.6514655514977198,0.0,5,InsectsAbruptBalanced
1,20,500,250,0.6514655514977198,0.0,5,InsectsAbruptBalanced
1,40,500,250,0.6514655514977198,0.0,5,InsectsAbruptBalanced
1,20,1000,250,0.6514655514977198,0.0,5,InsectsAbruptBalanced
1,10,1000,250,0.6514655514977198,0.0,5,InsectsAbruptBalanced
4,10,500,100,0.651219558347683,0.0,5,InsectsAbruptBalanced
4,20,500,100,0.651219558347683,0.0,5,InsectsAbruptBalanced
4,40,500,100,0.651219558347683,0.0,5,InsectsAbruptBalanced
1,10,500,250,0.6512006357976801,0.0,5,InsectsAbruptBalanced
1,20,250,250,0.6507729861676159,0.0005743547235718,5,InsectsAbruptBalanced
1,10,250,250,0.650439949287566,0.0002295797436085,5,InsectsAbruptBalanced
1,40,250,250,0.6498382121974757,0.0002722480854152,5,InsectsAbruptBalanced
1,20,1000,50,0.649686831797453,0.0,5,InsectsAbruptBalanced
1,40,1000,50,0.649686831797453,0.0,5,InsectsAbruptBalanced
1,10,1000,50,0.649686831797453,0.0,5,InsectsAbruptBalanced
1,40,1000,100,0.6478513444471777,0.0,5,InsectsAbruptBalanced
1,20,1000,100,0.6478513444471777,0.0,5,InsectsAbruptBalanced
1,10,1000,100,0.647813499347172,0.0,5,InsectsAbruptBalanced
4,20,1000,250,0.6471322875470699,0.0,5,InsectsAbruptBalanced
4,10,1000,250,0.6471322875470699,0.0,5,InsectsAbruptBalanced
4,40,1000,250,0.6471322875470699,0.0,5,InsectsAbruptBalanced
1,40,500,100,0.644653433496698,0.0,5,InsectsAbruptBalanced
1,20,500,100,0.6444831305466725,0.0,5,InsectsAbruptBalanced
1,10,500,100,0.6443506726966526,0.0,5,InsectsAbruptBalanced
1,10,500,50,0.6433477775465022,0.0,5,InsectsAbruptBalanced
1,40,500,50,0.6432720873464908,0.0,5,InsectsAbruptBalanced
1,20,500,50,0.6429504039964425,0.0,5,InsectsAbruptBalanced
1,10,250,100,0.6386776922058017,2.0728614964156867e-05,5,InsectsAbruptBalanced
1,20,250,100,0.6386549851457982,0.0,5,InsectsAbruptBalanced
1,40,250,100,0.6380456790357069,3.384968649119293e-05,5,InsectsAbruptBalanced
4,10,1000,100,0.637160103695574,0.0,5,InsectsAbruptBalanced
4,20,1000,100,0.637160103695574,0.0,5,InsectsAbruptBalanced
4,40,1000,100,0.637160103695574,0.0,5,InsectsAbruptBalanced
1,10,250,50,0.6360058281454009,0.0,5,InsectsAbruptBalanced
1,20,250,50,0.635986905595398,0.0,5,InsectsAbruptBalanced
1,40,250,50,0.6354570741953186,0.0,5,InsectsAbruptBalanced
1,10,100,100,0.6336821390050523,8.291445985660298e-05,5,InsectsAbruptBalanced
1,20,100,100,0.6333415331050013,8.462421622766556e-06,5,InsectsAbruptBalanced
1,40,100,100,0.6330917554449638,0.0,5,InsectsAbruptBalanced
4,20,500,50,0.6298749219444812,0.0,5,InsectsAbruptBalanced
4,10,500,50,0.6298749219444812,0.0,5,InsectsAbruptBalanced
4,40,500,50,0.6298749219444812,0.0,5,InsectsAbruptBalanced
4,40,1000,50,0.617726644842659,0.0,5,InsectsAbruptBalanced
4,10,1000,50,0.617726644842659,0.0,5,InsectsAbruptBalanced
4,20,1000,50,0.617726644842659,0.0,5,InsectsAbruptBalanced
1,10,100,50,0.6164853255624727,6.769937298237914e-05,5,InsectsAbruptBalanced
1,40,100,50,0.616439911442466,0.0,5,InsectsAbruptBalanced
1,20,100,50,0.6164209888924631,0.0,5,InsectsAbruptBalanced
1,20,100,250,0.6948030974367468,0.0005441855646527,5,InsectsGradualBalanced
1,40,100,250,0.6945794856929893,0.0006994420436585,5,InsectsGradualBalanced
1,40,500,250,0.6936933206343948,0.0,5,InsectsGradualBalanced
1,20,500,250,0.6936933206343948,0.0,5,InsectsGradualBalanced
1,10,500,250,0.6936933206343948,0.0,5,InsectsGradualBalanced
1,10,100,250,0.6932792248126216,0.0019405150546788,5,InsectsGradualBalanced
1,10,250,250,0.6891548304277609,0.0009629842629507,5,InsectsGradualBalanced
1,20,250,250,0.6891548304277609,0.0009629842629507,5,InsectsGradualBalanced
1,40,250,250,0.6887241707731169,0.0,5,InsectsGradualBalanced
4,10,250,250,0.686777920410783,0.0,5,InsectsGradualBalanced
4,20,250,250,0.686777920410783,0.0,5,InsectsGradualBalanced
4,40,250,250,0.686777920410783,0.0,5,InsectsGradualBalanced
4,10,250,100,0.6857426808563502,0.0,5,InsectsGradualBalanced
4,40,250,100,0.6857426808563502,0.0,5,InsectsGradualBalanced
4,20,250,100,0.6857426808563502,0.0,5,InsectsGradualBalanced
1,20,1000,100,0.6844589838088534,0.0,5,InsectsGradualBalanced
1,10,1000,100,0.6844589838088534,0.0,5,InsectsGradualBalanced
1,40,1000,100,0.6844589838088534,0.0,5,InsectsGradualBalanced
4,10,100,250,0.683986914572032,9.072384902155824e-05,5,InsectsGradualBalanced
4,20,100,250,0.68395378690629,7.407571253469088e-05,5,InsectsGradualBalanced
4,40,100,250,0.6839206592405482,0.0,5,InsectsGradualBalanced
1,20,1000,50,0.6832581059257112,0.0,5,InsectsGradualBalanced
1,40,1000,50,0.6832581059257112,0.0,5,InsectsGradualBalanced
1,20,1000,250,0.6832166963435339,0.0,5,InsectsGradualBalanced
1,40,1000,250,0.6832166963435339,0.0,5,InsectsGradualBalanced
1,10,1000,250,0.6832166963435339,0.0,5,InsectsGradualBalanced
1,10,1000,50,0.6830510580148247,0.0,5,InsectsGradualBalanced
1,40,500,100,0.6809805789059589,0.0,5,InsectsGradualBalanced
1,10,500,100,0.6809805789059589,0.0,5,InsectsGradualBalanced
1,20,500,100,0.6809805789059589,0.0,5,InsectsGradualBalanced
4,40,100,50,0.6775021740030643,0.0,5,InsectsGradualBalanced
4,10,100,50,0.6775021740030643,0.0,5,InsectsGradualBalanced
4,20,100,50,0.6775021740030643,0.0,5,InsectsGradualBalanced
1,40,250,100,0.6771294877634685,0.0,5,InsectsGradualBalanced
1,10,250,100,0.6771294877634685,0.0,5,InsectsGradualBalanced
1,20,250,100,0.6771294877634685,0.0,5,InsectsGradualBalanced
1,20,100,100,0.6766325727773407,0.0,5,InsectsGradualBalanced
1,10,100,100,0.6765414716965505,0.0002948525093199,5,InsectsGradualBalanced
4,10,100,100,0.6763427057020994,0.0,5,InsectsGradualBalanced
4,20,100,100,0.6763427057020994,0.0,5,InsectsGradualBalanced
4,40,100,100,0.6763427057020994,0.0,5,InsectsGradualBalanced
1,40,100,100,0.6754731044763759,0.0,5,InsectsGradualBalanced
1,20,500,50,0.6718704708269494,0.0,5,InsectsGradualBalanced
1,10,500,50,0.6718704708269494,0.0,5,InsectsGradualBalanced
1,40,500,50,0.6718704708269494,0.0,5,InsectsGradualBalanced
4,20,500,250,0.6689718000745373,0.0,5,InsectsGradualBalanced
4,10,500,250,0.6689718000745373,0.0,5,InsectsGradualBalanced
4,40,500,250,0.6689718000745373,0.0,5,InsectsGradualBalanced
4,20,1000,250,0.66553480475382,0.0,5,InsectsGradualBalanced
4,40,1000,250,0.66553480475382,0.0,5,InsectsGradualBalanced
4,10,1000,250,0.66553480475382,0.0,5,InsectsGradualBalanced
1,20,250,50,0.6648308418568056,0.0,5,InsectsGradualBalanced
1,10,250,50,0.6648308418568056,0.0,5,InsectsGradualBalanced
1,40,250,50,0.6648308418568056,0.0,5,InsectsGradualBalanced
4,20,500,50,0.6623876765083441,0.0,5,InsectsGradualBalanced
4,40,500,50,0.6623876765083441,0.0,5,InsectsGradualBalanced
4,10,500,50,0.6623876765083441,0.0,5,InsectsGradualBalanced
4,20,500,100,0.656093420017392,0.0,5,InsectsGradualBalanced
4,10,500,100,0.656093420017392,0.0,5,InsectsGradualBalanced
4,40,500,100,0.656093420017392,0.0,5,InsectsGradualBalanced
1,10,100,50,0.6555136858669096,0.0,5,InsectsGradualBalanced
1,40,100,50,0.6553894571203777,0.0,5,InsectsGradualBalanced
1,20,100,50,0.6553894571203777,0.0,5,InsectsGradualBalanced
4,20,1000,100,0.6531119301006253,0.0,5,InsectsGradualBalanced
4,10,1000,100,0.6531119301006253,0.0,5,InsectsGradualBalanced
4,40,1000,100,0.6531119301006253,0.0,5,InsectsGradualBalanced
4,20,250,50,0.6489709718828937,0.0,5,InsectsGradualBalanced
4,10,250,50,0.6489709718828937,0.0,5,InsectsGradualBalanced
4,40,250,50,0.6489709718828937,0.0,5,InsectsGradualBalanced
4,10,1000,50,0.6405648267008985,0.0,5,InsectsGradualBalanced
4,20,1000,50,0.6405648267008985,0.0,5,InsectsGradualBalanced
4,40,1000,50,0.6405648267008985,0.0,5,InsectsGradualBalanced
4,40,1000,250,0.6832156029255485,0.0,5,InsectsIncrementalAbruptBalanced
4,20,1000,250,0.68317809589298,0.0,5,InsectsIncrementalAbruptBalanced
4,10,1000,250,0.68317809589298,0.0,5,InsectsIncrementalAbruptBalanced
4,40,500,100,0.6805025942364193,0.0,5,InsectsIncrementalAbruptBalanced
4,20,500,100,0.6805025942364193,0.0,5,InsectsIncrementalAbruptBalanced
4,10,500,100,0.6804400825154716,0.0,5,InsectsIncrementalAbruptBalanced
4,20,250,100,0.6783146840032506,0.0,5,InsectsIncrementalAbruptBalanced
4,10,250,100,0.6783146840032506,0.0,5,InsectsIncrementalAbruptBalanced
4,40,250,100,0.6783146840032506,0.0,5,InsectsIncrementalAbruptBalanced
4,10,500,250,0.6782896793148715,0.0,5,InsectsIncrementalAbruptBalanced
4,20,500,250,0.678277176970682,0.0,5,InsectsIncrementalAbruptBalanced
4,40,500,250,0.6782271675939239,0.0,5,InsectsIncrementalAbruptBalanced
4,40,100,250,0.6777895855472901,3.423907967147713e-05,5,InsectsIncrementalAbruptBalanced
4,20,100,250,0.6777470775770457,0.0003496858958919,5,InsectsIncrementalAbruptBalanced
4,10,100,250,0.6777320747640182,0.0004243988826236,5,InsectsIncrementalAbruptBalanced
4,40,250,250,0.676526848784147,0.0,5,InsectsIncrementalAbruptBalanced
4,20,250,250,0.6764918422204163,2.0543447802846832e-05,5,InsectsIncrementalAbruptBalanced
4,10,250,250,0.6764518347190098,0.0,5,InsectsIncrementalAbruptBalanced
1,10,100,250,0.6757667062574233,0.0005416848928395,5,InsectsIncrementalAbruptBalanced
1,40,100,250,0.6755716696880665,0.0002433304369709,5,InsectsIncrementalAbruptBalanced
1,20,100,250,0.6752791148340314,0.0007060449134135,5,InsectsIncrementalAbruptBalanced
4,20,1000,100,0.6745514784022004,0.0,5,InsectsIncrementalAbruptBalanced
4,10,1000,100,0.6745514784022004,0.0,5,InsectsIncrementalAbruptBalanced
4,40,1000,100,0.6745514784022004,0.0,5,InsectsIncrementalAbruptBalanced
4,10,100,100,0.6733637557041945,0.0,5,InsectsIncrementalAbruptBalanced
4,40,100,100,0.6733612552353566,5.032096467462285e-05,5,InsectsIncrementalAbruptBalanced
1,40,1000,250,0.6732137275739201,0.0,5,InsectsIncrementalAbruptBalanced
4,20,100,100,0.6731637181971619,0.0,5,InsectsIncrementalAbruptBalanced
1,10,1000,250,0.6731637181971619,0.0,5,InsectsIncrementalAbruptBalanced
1,20,1000,250,0.6731387135087828,0.0,5,InsectsIncrementalAbruptBalanced
1,20,500,250,0.6727511408389073,0.0,5,InsectsIncrementalAbruptBalanced
4,20,100,50,0.6727011314621492,0.0,5,InsectsIncrementalAbruptBalanced
4,10,100,50,0.6727011314621492,0.0,5,InsectsIncrementalAbruptBalanced
4,40,100,50,0.6726136150528224,0.0,5,InsectsIncrementalAbruptBalanced
4,40,250,50,0.6724135775457898,0.0,5,InsectsIncrementalAbruptBalanced
4,10,250,50,0.6724135775457898,0.0,5,InsectsIncrementalAbruptBalanced
4,20,250,50,0.6724135775457898,0.0,5,InsectsIncrementalAbruptBalanced
1,40,500,250,0.6720760142526723,3.4239079671549335e-05,5,InsectsIncrementalAbruptBalanced
1,10,500,250,0.6720260048759142,0.0,5,InsectsIncrementalAbruptBalanced
1,40,250,250,0.6708582859286116,6.847815934266794e-06,5,InsectsIncrementalAbruptBalanced
1,10,250,250,0.6706882540476339,0.0,5,InsectsIncrementalAbruptBalanced
1,20,250,250,0.6704382071638432,0.0,5,InsectsIncrementalAbruptBalanced
1,10,1000,100,0.6702256673126211,0.0,5,InsectsIncrementalAbruptBalanced
1,40,1000,100,0.6702131649684315,0.0,5,InsectsIncrementalAbruptBalanced
1,20,1000,100,0.6701631555916734,0.0,5,InsectsIncrementalAbruptBalanced
1,10,1000,50,0.6701506532474839,0.0,5,InsectsIncrementalAbruptBalanced
1,20,1000,50,0.6701506532474839,0.0,5,InsectsIncrementalAbruptBalanced
1,40,1000,50,0.6700981434018878,4.793471154015725e-05,5,InsectsIncrementalAbruptBalanced
4,10,500,50,0.6648371569669314,0.0,5,InsectsIncrementalAbruptBalanced
4,40,500,50,0.6648371569669314,0.0,5,InsectsIncrementalAbruptBalanced
4,20,500,50,0.6648371569669314,0.0,5,InsectsIncrementalAbruptBalanced
1,20,500,100,0.6627742701756579,0.0,5,InsectsIncrementalAbruptBalanced
1,10,500,100,0.6627742701756579,0.0,5,InsectsIncrementalAbruptBalanced
1,40,500,50,0.6627617678314685,0.0,5,InsectsIncrementalAbruptBalanced
1,20,500,50,0.6627117584547103,0.0,5,InsectsIncrementalAbruptBalanced
1,10,500,50,0.6627117584547103,0.0,5,InsectsIncrementalAbruptBalanced
1,40,500,100,0.6626992561105207,0.0,5,InsectsIncrementalAbruptBalanced
1,10,250,100,0.6584234543976996,0.0,5,InsectsIncrementalAbruptBalanced
1,20,250,100,0.6581108957929612,0.0,5,InsectsIncrementalAbruptBalanced
1,40,250,100,0.6579683690692005,0.0001137644624975,5,InsectsIncrementalAbruptBalanced
1,10,100,100,0.6563305619803714,9.94702720805638e-05,5,InsectsIncrementalAbruptBalanced
1,20,100,100,0.6556229292992437,0.0002459500602976,5,InsectsIncrementalAbruptBalanced
1,40,100,100,0.6539851222104145,0.0001118243659436,5,InsectsIncrementalAbruptBalanced
4,40,1000,50,0.6521722823029318,0.0,5,InsectsIncrementalAbruptBalanced
4,20,1000,50,0.6521722823029318,0.0,5,InsectsIncrementalAbruptBalanced
4,10,1000,50,0.6521722823029318,0.0,5,InsectsIncrementalAbruptBalanced
1,10,250,50,0.6509095455397887,0.0,5,InsectsIncrementalAbruptBalanced
1,20,250,50,0.6507445145964869,4.793471154005927e-05,5,InsectsIncrementalAbruptBalanced
1,40,250,50,0.6507095080327562,0.0,5,InsectsIncrementalAbruptBalanced
1,10,100,50,0.6358442207913984,2.795609148594652e-05,5,InsectsIncrementalAbruptBalanced
1,20,100,50,0.6356316809401763,0.0,5,InsectsIncrementalAbruptBalanced
1,40,100,50,0.6355766706257423,4.108689560579586e-05,5,InsectsIncrementalAbruptBalanced
4,40,1000,100,0.5662521704053177,0.0,5,InsectsIncrementalBalanced
4,10,1000,100,0.5662521704053177,0.0,5,InsectsIncrementalBalanced
4,20,1000,100,0.5662521704053177,0.0,5,InsectsIncrementalBalanced
4,10,500,50,0.5627093673816581,0.0,5,InsectsIncrementalBalanced
4,40,500,50,0.5627093673816581,0.0,5,InsectsIncrementalBalanced
4,20,500,50,0.5627093673816581,0.0,5,InsectsIncrementalBalanced
4,20,500,100,0.5603241138607784,0.0,5,InsectsIncrementalBalanced
4,40,500,100,0.5603241138607784,0.0,5,InsectsIncrementalBalanced
4,10,500,100,0.5603241138607784,0.0,5,InsectsIncrementalBalanced
4,20,1000,250,0.5583422488029885,0.0,5,InsectsIncrementalBalanced
4,10,1000,250,0.5583422488029885,0.0,5,InsectsIncrementalBalanced
4,40,1000,250,0.5583422488029885,0.0,5,InsectsIncrementalBalanced
4,10,250,50,0.5576407036497887,0.0,5,InsectsIncrementalBalanced
4,20,250,50,0.5576407036497887,0.0,5,InsectsIncrementalBalanced
4,40,250,50,0.5576407036497887,0.0,5,InsectsIncrementalBalanced
4,20,500,250,0.554852061665819,0.0,5,InsectsIncrementalBalanced
4,10,500,250,0.554852061665819,0.0,5,InsectsIncrementalBalanced
4,40,500,250,0.554852061665819,0.0,5,InsectsIncrementalBalanced
4,10,250,250,0.5510286405808794,0.0,5,InsectsIncrementalBalanced
4,40,250,250,0.5509128856306014,2.353053977760518e-05,5,InsectsIncrementalBalanced
4,20,250,250,0.5509023624533034,7.059161933284657e-05,5,InsectsIncrementalBalanced
4,10,100,250,0.5506427907466194,0.0009960026563656,5,InsectsIncrementalBalanced
4,40,100,250,0.5501657400424435,0.0003206260908179,5,InsectsIncrementalBalanced
4,20,100,250,0.5498079520143115,0.0002017323553959,5,InsectsIncrementalBalanced
4,10,250,100,0.5490292368942596,0.0,5,InsectsIncrementalBalanced
4,20,250,100,0.5490292368942596,0.0,5,InsectsIncrementalBalanced
4,40,250,100,0.5490292368942596,0.0,5,InsectsIncrementalBalanced
4,40,100,50,0.5336303207815213,0.0,5,InsectsIncrementalBalanced
4,20,100,50,0.5336303207815213,0.0,5,InsectsIncrementalBalanced
4,10,100,50,0.5336303207815213,0.0,5,InsectsIncrementalBalanced
1,20,1000,250,0.5320167669291614,0.0,5,InsectsIncrementalBalanced
1,40,1000,250,0.5320167669291614,0.0,5,InsectsIncrementalBalanced
1,10,1000,250,0.5320167669291614,0.0,5,InsectsIncrementalBalanced
4,10,1000,50,0.5311573741164916,0.0,5,InsectsIncrementalBalanced
4,20,1000,50,0.5311573741164916,0.0,5,InsectsIncrementalBalanced
4,40,1000,50,0.5311573741164916,0.0,5,InsectsIncrementalBalanced
1,10,500,250,0.5290176613992318,0.0,5,InsectsIncrementalBalanced
4,10,100,100,0.5288948909974218,0.0,5,InsectsIncrementalBalanced
4,40,100,100,0.5288598137397619,0.0,5,InsectsIncrementalBalanced
4,20,100,100,0.5288598137397619,0.0,5,InsectsIncrementalBalanced
1,40,500,250,0.5288457828366979,0.0001490267519248,5,InsectsIncrementalBalanced
1,20,500,250,0.5287545819667818,0.0,5,InsectsIncrementalBalanced
1,10,250,250,0.5261097567392181,2.881890791368823e-05,5,InsectsIncrementalBalanced
1,40,1000,100,0.5247031587070523,0.0,5,InsectsIncrementalBalanced
1,20,1000,100,0.5247031587070523,0.0,5,InsectsIncrementalBalanced
1,10,1000,100,0.5243699247592823,0.0,5,InsectsIncrementalBalanced
1,20,250,250,0.5240016135538523,0.0,5,InsectsIncrementalBalanced
1,40,250,250,0.5226265850535805,0.0002390663726452,5,InsectsIncrementalBalanced
1,20,1000,50,0.5224231369591525,0.0,5,InsectsIncrementalBalanced
1,10,1000,50,0.5224231369591525,0.0,5,InsectsIncrementalBalanced
1,40,1000,50,0.5221249802690425,0.0,5,InsectsIncrementalBalanced
1,10,100,250,0.5188943648385569,0.0020132176367674,5,InsectsIncrementalBalanced
1,20,100,250,0.518817194871705,0.0013256233559588,5,InsectsIncrementalBalanced
1,40,100,250,0.518497991826999,0.0005182657400211,5,InsectsIncrementalBalanced
1,20,500,100,0.5104161916621359,1.5687026518380696e-05,5,InsectsIncrementalBalanced
1,40,500,100,0.5101636354069838,0.0,5,InsectsIncrementalBalanced
1,10,500,100,0.510142589052388,7.84351325921414e-06,5,InsectsIncrementalBalanced
1,20,500,50,0.5064910465299823,8.64567237411466e-05,5,InsectsIncrementalBalanced
1,10,500,50,0.5061823666625743,0.0,5,InsectsIncrementalBalanced
1,40,500,50,0.5058315940859743,0.0,5,InsectsIncrementalBalanced
1,20,250,100,0.4953084167879755,0.0,5,InsectsIncrementalBalanced
1,10,250,100,0.4951505691285055,0.0,5,InsectsIncrementalBalanced
1,40,250,100,0.4945086553133276,6.86027227515192e-05,5,InsectsIncrementalBalanced
1,20,250,50,0.481084588806847,0.0,5,InsectsIncrementalBalanced
1,40,250,50,0.4807513548590771,0.0001116151504056,5,InsectsIncrementalBalanced
1,10,250,50,0.4806987389725871,0.0,5,InsectsIncrementalBalanced
1,10,100,100,0.4783801322412613,0.0002233680547897,5,InsectsIncrementalBalanced
1,20,100,100,0.4779276356174474,4.9606733513629074e-05,5,InsectsIncrementalBalanced
1,40,100,100,0.4776154480242734,7.843513259237413e-06,5,InsectsIncrementalBalanced
1,10,100,50,0.4460669624848729,0.0001725572917024,5,InsectsIncrementalBalanced
1,20,100,50,0.4458144062297209,0.0,5,InsectsIncrementalBalanced
1,40,100,50,0.445091814721925,6.724411846531645e-05,5,InsectsIncrementalBalanced
4,10,100,250,0.69755079077327,0.0003644599525003,5,InsectsIncrementalReoccurringBalanced
4,40,100,250,0.6974582734262673,0.0001180793294054,5,InsectsIncrementalReoccurringBalanced
4,20,100,250,0.6973832593611302,6.46021663200212e-05,5,InsectsIncrementalReoccurringBalanced
4,40,250,250,0.6970807026317435,0.0,5,InsectsIncrementalReoccurringBalanced
4,20,250,250,0.6969931862224167,0.0,5,InsectsIncrementalReoccurringBalanced
4,10,250,250,0.6969431768456585,0.0,5,InsectsIncrementalReoccurringBalanced
4,20,500,50,0.6944052009751829,0.0,5,InsectsIncrementalReoccurringBalanced
4,40,500,50,0.6944052009751829,0.0,5,InsectsIncrementalReoccurringBalanced
4,10,500,50,0.6944052009751829,0.0,5,InsectsIncrementalReoccurringBalanced
4,20,250,50,0.6935050321935363,0.0,5,InsectsIncrementalReoccurringBalanced
4,40,250,50,0.6935050321935363,0.0,5,InsectsIncrementalReoccurringBalanced
4,10,250,50,0.6935050321935363,0.0,5,InsectsIncrementalReoccurringBalanced
4,10,500,100,0.692892417328249,0.0,5,InsectsIncrementalReoccurringBalanced
4,40,500,100,0.6928799149840595,0.0,5,InsectsIncrementalReoccurringBalanced
4,20,500,100,0.6928799149840595,0.0,5,InsectsIncrementalReoccurringBalanced
4,10,500,250,0.6927673938863537,0.0,5,InsectsIncrementalReoccurringBalanced
4,20,500,250,0.6927673938863537,0.0,5,InsectsIncrementalReoccurringBalanced
4,40,500,250,0.6927673938863537,0.0,5,InsectsIncrementalReoccurringBalanced
4,10,100,100,0.6921597799587423,0.0002124662952928,5,InsectsIncrementalReoccurringBalanced
4,20,100,100,0.6919647433893855,4.793471154007363e-05,5,InsectsIncrementalReoccurringBalanced
4,40,100,100,0.6915971744702132,7.584297499833189e-05,5,InsectsIncrementalReoccurringBalanced
4,20,250,100,0.6904794648996687,0.0,5,InsectsIncrementalReoccurringBalanced
4,10,250,100,0.6904794648996687,0.0,5,InsectsIncrementalReoccurringBalanced
4,40,250,100,0.6904794648996687,0.0,5,InsectsIncrementalReoccurringBalanced
1,40,100,250,0.6892992436081766,0.0004016931395283,5,InsectsIncrementalReoccurringBalanced
1,20,100,250,0.6891767206351191,0.000201865437081,5,InsectsIncrementalReoccurringBalanced
1,10,100,250,0.6890391948490342,0.000205320316043,5,InsectsIncrementalReoccurringBalanced
1,10,250,250,0.6879039819966244,0.0,5,InsectsIncrementalReoccurringBalanced
1,20,250,250,0.6870463211852222,0.0002465213736348,5,InsectsIncrementalReoccurringBalanced
1,40,250,250,0.6865287241357755,0.0,5,InsectsIncrementalReoccurringBalanced
1,20,1000,250,0.6860536350565731,0.0,5,InsectsIncrementalReoccurringBalanced
1,10,1000,250,0.6860536350565731,0.0,5,InsectsIncrementalReoccurringBalanced
1,40,1000,250,0.6860536350565731,0.0,5,InsectsIncrementalReoccurringBalanced
1,20,500,250,0.6859286116146778,0.0,5,InsectsIncrementalReoccurringBalanced
1,10,500,250,0.6859286116146778,0.0,5,InsectsIncrementalReoccurringBalanced
1,40,500,250,0.6859036069262987,0.0,5,InsectsIncrementalReoccurringBalanced
4,10,100,50,0.6845908607863974,0.0,5,InsectsIncrementalReoccurringBalanced
4,20,100,50,0.6845908607863974,0.0,5,InsectsIncrementalReoccurringBalanced
4,40,100,50,0.6845908607863974,0.0,5,InsectsIncrementalReoccurringBalanced
1,10,1000,100,0.6833406263674439,0.0,5,InsectsIncrementalReoccurringBalanced
1,20,1000,100,0.6833406263674439,0.0,5,InsectsIncrementalReoccurringBalanced
1,40,1000,100,0.6833281240232544,0.0,5,InsectsIncrementalReoccurringBalanced
4,10,1000,250,0.6824404575857973,0.0,5,InsectsIncrementalReoccurringBalanced
4,20,1000,250,0.6824404575857973,0.0,5,InsectsIncrementalReoccurringBalanced
4,40,1000,250,0.6824404575857973,0.0,5,InsectsIncrementalReoccurringBalanced
4,20,1000,100,0.6797774582734263,0.0,5,InsectsIncrementalReoccurringBalanced
4,40,1000,100,0.6797774582734263,0.0,5,InsectsIncrementalReoccurringBalanced
4,10,1000,100,0.6797774582734263,0.0,5,InsectsIncrementalReoccurringBalanced
1,10,1000,50,0.6788647871475901,0.0,5,InsectsIncrementalReoccurringBalanced
1,20,1000,50,0.6786522472963681,0.0,5,InsectsIncrementalReoccurringBalanced
1,40,1000,50,0.6786447458898544,6.84781593433436e-06,5,InsectsIncrementalReoccurringBalanced
1,40,500,100,0.6769144214540226,0.0,5,InsectsIncrementalReoccurringBalanced
1,20,500,100,0.6768644120772644,0.0,5,InsectsIncrementalReoccurringBalanced
1,10,500,100,0.6766393698818528,0.0,5,InsectsIncrementalReoccurringBalanced
1,20,250,100,0.6720635119084828,0.0,5,InsectsIncrementalReoccurringBalanced
1,10,250,100,0.6720385072201037,0.0,5,InsectsIncrementalReoccurringBalanced
1,40,250,100,0.6716534350190659,1.3695631868588484e-05,5,InsectsIncrementalReoccurringBalanced
1,40,500,50,0.6713508782896793,5.59121829718584e-05,5,InsectsIncrementalReoccurringBalanced
1,10,500,50,0.6712358567231356,5.591218297161583e-06,5,InsectsIncrementalReoccurringBalanced
1,20,500,50,0.6711608426579984,2.0543447802937204e-05,5,InsectsIncrementalReoccurringBalanced
4,40,1000,50,0.6669625554791523,0.0,5,InsectsIncrementalReoccurringBalanced
4,10,1000,50,0.6669625554791523,0.0,5,InsectsIncrementalReoccurringBalanced
4,20,1000,50,0.6669625554791523,0.0,5,InsectsIncrementalReoccurringBalanced
1,10,100,100,0.66584234543977,0.0002287621531333,5,InsectsIncrementalReoccurringBalanced
1,20,100,100,0.6654747765205976,7.449131266995045e-05,5,InsectsIncrementalReoccurringBalanced
1,40,100,100,0.6649871850972058,7.706962559191397e-05,5,InsectsIncrementalReoccurringBalanced
1,10,250,50,0.6620741389010439,0.0,5,InsectsIncrementalReoccurringBalanced
1,20,250,50,0.6618115896730637,0.0,5,InsectsIncrementalReoccurringBalanced
1,40,250,50,0.6617090704507096,2.0543447802846832e-05,5,InsectsIncrementalReoccurringBalanced
1,20,100,50,0.6388947927736451,2.795609148592739e-05,5,InsectsIncrementalReoccurringBalanced
1,10,100,50,0.6387472651122086,3.354730978307501e-05,5,InsectsIncrementalReoccurringBalanced
1,40,100,50,0.6386722510470714,2.0543447802880612e-05,5,InsectsIncrementalReoccurringBalanced
1,20,500,250,0.7169291772221611,0.0010784863986984,5,NOAAWeather
1,10,500,250,0.7156735323273489,0.000608790113688,5,NOAAWeather
1,40,500,250,0.7140984689943826,0.000425875425249,5,NOAAWeather
4,20,500,250,0.7119726842163233,0.001269051505871,5,NOAAWeather
4,40,500,250,0.7113779050556228,0.0004308317483337,5,NOAAWeather
4,10,500,100,0.7102984910232404,0.0001000435186946,5,NOAAWeather
4,20,500,100,0.710254433307633,6.032851167583944e-05,5,NOAAWeather
4,40,500,100,0.7101553034475162,0.0001605615126899,5,NOAAWeather
4,10,500,250,0.7099019715827735,0.0020820621305452,5,NOAAWeather
4,40,1000,250,0.7096486397180306,0.0001477740705473,5,NOAAWeather
1,20,500,100,0.7085361823989427,0.0001970320940631,5,NOAAWeather
1,40,500,100,0.7083709659654147,0.0001809855350275,5,NOAAWeather
1,10,500,100,0.7082387928185924,9.851604703159545e-05,5,NOAAWeather
1,40,250,250,0.7081727062451811,0.0006279190577701,5,NOAAWeather
1,20,250,250,0.7078312589492235,0.0003149240765611,5,NOAAWeather
1,10,100,250,0.7077321290891068,0.0007660770868621,5,NOAAWeather
4,10,100,250,0.7076880713734993,0.0005215887429255,5,NOAAWeather
1,10,250,250,0.7076880713734993,0.0016320321304343,5,NOAAWeather
4,20,100,250,0.7075008260821677,0.0001425507115931,5,NOAAWeather
4,10,250,250,0.7073245952197379,0.0009170793680302,5,NOAAWeather
1,20,100,250,0.7072695230752285,0.0002658336465722,5,NOAAWeather
4,40,100,250,0.7070272056393876,0.0002898490443207,5,NOAAWeather
4,20,250,250,0.7068840180636634,0.0006346452380609,5,NOAAWeather
4,40,250,250,0.7068179314902523,0.0005487905350083,5,NOAAWeather
1,10,1000,100,0.7063112677607666,0.000292453310879,5,NOAAWeather
1,20,1000,100,0.7061019936116313,0.0001970320940632,5,NOAAWeather
1,40,1000,100,0.706046921467122,0.0002714783025413,5,NOAAWeather
4,20,1000,250,0.7059808348937107,0.000878051039426,5,NOAAWeather
1,40,100,250,0.7058706906046922,0.0004885616282898,5,NOAAWeather
4,20,1000,100,0.7051767815838749,0.0016891983269241,5,NOAAWeather
4,10,1000,250,0.70461504570988,0.0003665505296242,5,NOAAWeather
4,10,1000,100,0.7039982376913757,0.0003619710700552,5,NOAAWeather
1,10,1000,250,0.7038550501156514,0.0007516893820515,5,NOAAWeather
4,40,1000,100,0.7033043286705584,0.0014284826819582,5,NOAAWeather
1,40,1000,250,0.7031391122370305,0.0004810544730019,5,NOAAWeather
4,10,100,100,0.7029959246613063,0.0004971767288596,5,NOAAWeather
1,40,100,100,0.7022359290670779,0.000634406245306,5,NOAAWeather
1,20,100,100,0.7022028857803723,0.0008678014031689,5,NOAAWeather
1,20,1000,250,0.7021147703491575,0.0006654392539703,5,NOAAWeather
1,10,100,100,0.701982597202335,0.0006441322399916,5,NOAAWeather
4,40,100,100,0.7017182509086904,0.000392135325893,5,NOAAWeather
4,20,100,100,0.7014539046150456,9.538775237191256e-05,5,NOAAWeather
4,20,250,100,0.700242317435841,0.0,5,NOAAWeather
4,10,250,100,0.6999669567132945,0.0006551039350903,5,NOAAWeather
4,40,250,100,0.6998678268531776,9.049276751382124e-05,5,NOAAWeather
1,10,250,100,0.698810441678599,0.0002202885780372,5,NOAAWeather
1,20,250,100,0.6987663839629915,0.0006284018867979,5,NOAAWeather
1,40,250,100,0.6986231963872673,0.0009062673171373,5,NOAAWeather
4,10,500,50,0.6944597422623637,0.0,5,NOAAWeather
4,40,500,50,0.6944597422623637,0.0,5,NOAAWeather
4,20,500,50,0.6944597422623637,0.0,5,NOAAWeather
4,10,1000,50,0.6934133715166868,0.0,5,NOAAWeather
4,20,1000,50,0.6934133715166868,0.0,5,NOAAWeather
4,40,1000,50,0.6934133715166868,0.0,5,NOAAWeather
4,40,100,50,0.6924771450600287,0.0,5,NOAAWeather
4,10,100,50,0.6923119286265007,0.0,5,NOAAWeather
1,20,100,50,0.6921467121929729,7.78837736740551e-05,5,NOAAWeather
1,10,100,50,0.6921136689062672,0.0002045839367882,5,NOAAWeather
1,40,100,50,0.6920365679039542,0.0001231450587895,5,NOAAWeather
4,20,100,50,0.6918383081837207,4.925802351580665e-05,5,NOAAWeather
4,20,250,50,0.691651062892389,0.0,5,NOAAWeather
4,10,250,50,0.691651062892389,0.0,5,NOAAWeather
4,40,250,50,0.691651062892389,0.0,5,NOAAWeather
1,40,500,50,0.6909351250137681,0.0,5,NOAAWeather
1,20,500,50,0.6909351250137681,0.0,5,NOAAWeather
1,10,500,50,0.6909351250137681,0.0,5,NOAAWeather
1,20,1000,50,0.6901090428461284,0.0,5,NOAAWeather
1,10,1000,50,0.6901090428461284,0.0,5,NOAAWeather
1,40,1000,50,0.6899548408415024,0.0002623885725205,5,NOAAWeather
1,40,250,50,0.6859235598634211,0.0,5,NOAAWeather
1,20,250,50,0.6859235598634211,0.0,5,NOAAWeather
1,10,250,50,0.6859235598634211,0.0,5,NOAAWeather
1,40,250,50,0.784446111527882,0.0,5,OutdoorObjects
1,10,250,50,0.781445361340335,0.0,5,OutdoorObjects
1,20,250,50,0.7809452363090773,0.0,5,OutdoorObjects
1,40,100,50,0.7792448112028006,0.002601131007541,5,OutdoorObjects
1,10,100,50,0.7784446111527882,0.0,5,OutdoorObjects
1,20,100,50,0.7774943735933983,0.0021247957775692,5,OutdoorObjects
4,40,100,50,0.7759439859964992,0.0,5,OutdoorObjects
4,20,250,50,0.7754438609652413,0.0,5,OutdoorObjects
4,20,100,50,0.7746936734183546,0.0023524490775477,5,OutdoorObjects
4,40,250,50,0.7726931732933233,0.0020544732089466,5,OutdoorObjects
4,10,100,50,0.7656914228557139,0.0,5,OutdoorObjects
1,10,500,50,0.7622405601400349,0.0015656389939983,5,OutdoorObjects
1,40,500,50,0.7619404851212803,0.0,5,OutdoorObjects
4,10,250,50,0.7614403600900225,0.0,5,OutdoorObjects
1,20,500,50,0.7611902975743936,0.0,5,OutdoorObjects
4,20,500,50,0.7514378594648662,0.0,5,OutdoorObjects
4,40,500,50,0.7511877969492373,0.0,5,OutdoorObjects
4,10,500,50,0.7469367341835459,0.0,5,OutdoorObjects
1,20,250,100,0.7456864216054013,0.0,5,OutdoorObjects
1,40,250,100,0.7455363840960241,0.0005478595223858,5,OutdoorObjects
1,40,100,100,0.7453863465866466,0.0015353919912986,5,OutdoorObjects
4,40,100,100,0.7449362340585146,0.000467824129379,5,OutdoorObjects
1,10,250,100,0.7445361340335084,0.0007828194969992,5,OutdoorObjects
1,20,100,100,0.743035758939735,0.0034856597872874,5,OutdoorObjects
1,10,100,100,0.7411352838209553,0.0016435785671572,5,OutdoorObjects
4,40,250,100,0.7410352588147037,0.0042459112984896,5,OutdoorObjects
1,20,500,100,0.7406851712928232,0.0,5,OutdoorObjects
4,20,250,100,0.7376844211052763,0.0,5,OutdoorObjects
4,20,100,100,0.7370342585646412,0.0005478595223858,5,OutdoorObjects
1,10,500,100,0.7364341085271318,0.0,5,OutdoorObjects
4,10,100,100,0.7351837959489872,0.0,5,OutdoorObjects
1,40,500,100,0.7334333583395849,0.0,5,OutdoorObjects
4,40,100,250,0.7222305576394098,0.0019958059454098,5,OutdoorObjects
4,20,500,100,0.7186796699174793,0.0,5,OutdoorObjects
4,40,500,100,0.7184296074018505,0.0,5,OutdoorObjects
1,40,1000,50,0.7181795448862216,0.0,5,OutdoorObjects
4,10,250,100,0.716929232308077,0.0,5,OutdoorObjects
1,10,1000,50,0.7164291072768192,0.0,5,OutdoorObjects
4,40,1000,50,0.7156789197299325,0.0,5,OutdoorObjects
4,20,1000,50,0.7156789197299325,0.0,5,OutdoorObjects
1,20,1000,50,0.7144786196549138,0.0012301449238558,5,OutdoorObjects
4,20,100,250,0.714178544636159,0.004334817660255,5,OutdoorObjects
1,40,100,250,0.7123780945236309,0.0024205741516038,5,OutdoorObjects
1,20,500,250,0.7119279819954989,0.0,5,OutdoorObjects
4,10,100,250,0.7086271567891973,0.0079163647274773,5,OutdoorObjects
4,10,500,100,0.7046761690422606,0.0,5,OutdoorObjects
1,20,100,250,0.7046261565391347,0.0054252617349631,5,OutdoorObjects
1,10,500,250,0.7036759189797449,0.0016774703507124,5,OutdoorObjects
1,20,1000,100,0.7036759189797449,0.0,5,OutdoorObjects
1,10,100,250,0.7028757189297324,0.0026955764897647,5,OutdoorObjects
1,10,1000,100,0.7011752938234559,0.0,5,OutdoorObjects
1,40,500,250,0.7001750437609402,0.0,5,OutdoorObjects
4,20,500,250,0.698174543635909,0.0,5,OutdoorObjects
4,40,500,250,0.69792448112028,0.0,5,OutdoorObjects
1,40,1000,100,0.6976744186046512,0.0,5,OutdoorObjects
1,40,250,250,0.6975743935983996,0.0024539275669611,5,OutdoorObjects
4,10,1000,50,0.6961740435108777,0.0,5,OutdoorObjects
1,10,250,250,0.6956739184796199,0.0,5,OutdoorObjects
4,40,250,250,0.693373343335834,0.000670988140285,5,OutdoorObjects
1,20,250,250,0.6926231557889472,0.000670988140285,5,OutdoorObjects
4,40,1000,100,0.687171792948237,0.0,5,OutdoorObjects
4,20,1000,100,0.6869217304326082,0.0,5,OutdoorObjects
4,10,1000,100,0.6719179794948738,0.0,5,OutdoorObjects
4,10,500,250,0.6694173543385846,0.0,5,OutdoorObjects
1,20,1000,250,0.6588647161790447,0.0001118313567141,5,OutdoorObjects
4,20,250,250,0.6581645411352838,0.0,5,OutdoorObjects
4,10,250,250,0.6581645411352838,0.0,5,OutdoorObjects
1,10,1000,250,0.6574143535883971,0.0,5,OutdoorObjects
4,40,1000,250,0.6571642910727682,0.0,5,OutdoorObjects
4,20,1000,250,0.6569142285571393,0.0,5,OutdoorObjects
1,40,1000,250,0.6539134783695923,0.0,5,OutdoorObjects
4,10,1000,250,0.6256564141035259,0.0,5,OutdoorObjects
1,10,250,50,0.7315325615050651,5.486885270636806e-06,5,PokerHand
1,40,250,50,0.7315291847563917,8.527578161955982e-07,5,PokerHand
1,20,250,50,0.7315205016883743,1.0867226556810922e-05,5,PokerHand
1,20,500,50,0.7307964302942594,1.0786627966744325e-06,5,PokerHand
1,10,500,50,0.7307850940665702,0.0,5,PokerHand
1,40,500,50,0.730764351181862,4.623803548597383e-06,5,PokerHand
4,10,250,50,0.7276603955619875,0.0,5,PokerHand
4,20,250,50,0.7276341051616015,5.393313983378626e-07,5,PokerHand
4,40,250,50,0.7276316931982634,6.627415178047873e-06,5,PokerHand
4,40,500,50,0.7263579353593825,0.0,5,PokerHand
4,10,500,50,0.7263357452966714,1.6179941950151397e-06,5,PokerHand
4,20,500,50,0.7263241678726483,2.6966569916769003e-06,5,PokerHand
1,10,100,50,0.7250429329474193,2.6771706561523965e-05,5,PokerHand
1,10,1000,50,0.7250180897250362,0.0,5,PokerHand
1,40,1000,50,0.7250096478533526,1.9944326348902072e-05,5,PokerHand
1,20,1000,50,0.7250048239266763,0.0,5,PokerHand
1,20,100,50,0.7249688856729377,3.756008563059638e-06,5,PokerHand
1,40,100,50,0.7249679208876024,4.6395041151417645e-06,5,PokerHand
4,20,100,50,0.722185962373372,3.963260184601306e-06,5,PokerHand
4,40,100,50,0.7221657018813314,3.4534059487185616e-06,5,PokerHand
4,10,100,50,0.7221220453449108,3.8704309059026085e-06,5,PokerHand
4,20,1000,50,0.7210856246985046,1.981630092261029e-06,5,PokerHand
4,40,1000,50,0.7210412445730825,5.944890276807718e-06,5,PokerHand
4,10,1000,50,0.7210332850940666,7.834241084854017e-06,5,PokerHand
1,10,250,100,0.7190651230101303,1.2573479516622637e-05,5,PokerHand
1,20,250,100,0.7189995176073324,2.3394179385665817e-05,5,PokerHand
1,40,250,100,0.7188658948383985,1.742633079421218e-05,5,PokerHand
1,20,500,100,0.7168065605402798,9.302489520390264e-06,5,PokerHand
1,40,500,100,0.7168012542209359,6.85396634752778e-06,5,PokerHand
1,10,500,100,0.7167503617945007,1.1865290763385397e-05,5,PokerHand
4,20,250,100,0.7165260492040522,1.4027801277011704e-05,5,PokerHand
4,10,250,100,0.7164023154848047,4.286242765256488e-05,5,PokerHand
4,40,250,100,0.7163400868306802,8.501956937792537e-06,5,PokerHand
1,10,1000,100,0.7152074288470815,0.0,5,PokerHand
1,40,1000,100,0.7151799324650265,4.463761583081334e-06,5,PokerHand
1,20,1000,100,0.7151685962373372,1.122923718959684e-05,5,PokerHand
4,10,500,100,0.7143929088277858,8.250183973213764e-06,5,PokerHand
4,40,500,100,0.7143634828750602,1.689235532552932e-05,5,PokerHand
4,20,500,100,0.7143434635793536,3.026989965803309e-06,5,PokerHand
1,40,100,100,0.7127050168837433,3.7906979366878495e-05,5,PokerHand
1,20,100,100,0.7126562952243126,2.277996903641205e-05,5,PokerHand
1,10,100,100,0.7125820067534974,0.0001028024217326,5,PokerHand
4,20,1000,100,0.7116225277375784,1.2404622161733604e-05,5,PokerHand
4,10,1000,100,0.7116157742402316,2.157325593345244e-06,5,PokerHand
4,40,1000,100,0.7116092619392186,5.9448902768350274e-06,5,PokerHand
4,40,100,100,0.7098639652677279,1.986028832634992e-05,5,PokerHand
4,20,100,100,0.7098379160636759,6.527915389663473e-06,5,PokerHand
4,10,100,100,0.7098205499276411,6.738621546526734e-05,5,PokerHand
1,20,250,250,0.6894160636758321,0.0006557277332281,5,PokerHand
1,40,250,250,0.6894011095031356,0.0003106118108503,5,PokerHand
1,10,250,250,0.6884397009165462,0.0002397635931868,5,PokerHand
4,40,250,250,0.6857650747708635,0.0001030271205696,5,PokerHand
4,10,250,250,0.6846365171249398,0.0004956735772101,5,PokerHand
4,20,250,250,0.6840812831644959,0.0002257013300454,5,PokerHand
1,40,1000,250,0.6836888567293777,2.750061324419262e-06,5,PokerHand
1,20,1000,250,0.6835571635311144,3.870430905906501e-06,5,PokerHand
1,10,1000,250,0.6835429329474192,0.0001005871131842,5,PokerHand
4,40,1000,250,0.6821152918475639,9.41901794011408e-06,5,PokerHand
4,20,1000,250,0.6819954172696574,0.0001556688313778,5,PokerHand
4,10,1000,250,0.6818215147129763,8.679717421813787e-06,5,PokerHand
1,40,100,250,0.6806246985045827,0.000285710776453,5,PokerHand
1,20,500,250,0.6794693680656054,0.0001526531768213,5,PokerHand
1,20,100,250,0.679361312108056,0.0001206301211886,5,PokerHand
1,10,100,250,0.6791473709599615,0.0004816662705022,5,PokerHand
4,40,100,250,0.6789980704293295,0.0001327823606734,5,PokerHand
1,10,500,250,0.6787843704775687,9.343050626262989e-05,5,PokerHand
4,20,100,250,0.678742161119151,0.0001839981847684,5,PokerHand
1,40,500,250,0.6786278340569224,5.309333442083598e-05,5,PokerHand
4,10,100,250,0.6784628557645924,4.964779148335488e-05,5,PokerHand
4,10,500,250,0.6760547515677762,0.0002313939124715,5,PokerHand
4,40,500,250,0.675949107573565,0.0001561781183315,5,PokerHand
4,20,500,250,0.6759056922334781,0.0001522333929085,5,PokerHand
1,10,500,50,0.1790423363517893,0.0001093021501239,5,Powersupply
1,20,500,50,0.178875263140308,0.0002390957171784,5,Powersupply
1,40,500,50,0.1784007752197012,0.0,5,Powersupply
1,20,1000,50,0.1579643799913122,2.9886964647300463e-05,5,Powersupply
1,10,1000,50,0.1578507702075049,0.0,5,Powersupply
1,40,1000,50,0.1568817455809135,0.0,5,Powersupply
4,10,500,250,0.1544491596217462,0.0009467023340484,5,Powersupply
4,20,500,250,0.15316603735757,0.0013177406402369,5,Powersupply
4,40,500,250,0.152952183646874,0.0003572398773255,5,Powersupply
4,10,1000,250,0.1493233534935008,0.0001643783055601,5,Powersupply
4,20,1000,250,0.1483409630099909,0.0002918764701028,5,Powersupply
4,40,1000,250,0.1475924750225548,0.0002241522348547,5,Powersupply
4,20,500,50,0.1469241821766298,0.0,5,Powersupply
4,40,500,50,0.1468573528920373,0.0,5,Powersupply
4,10,500,50,0.146690279680556,0.0,5,Powersupply
4,10,250,250,0.1452668159187355,0.0003287566111203,5,Powersupply
4,20,250,250,0.1447455474989139,0.0004189508609257,5,Powersupply
4,40,250,250,0.1440304741537741,0.0002013214867028,5,Powersupply
1,20,1000,250,0.143121595883316,0.0008717956379099,5,Powersupply
1,10,1000,250,0.1419320346175693,0.0005201319398809,5,Powersupply
1,10,500,250,0.141230327129348,0.0008248071279068,5,Powersupply
1,20,500,250,0.1406288635680154,0.0002529380274371,5,Powersupply
1,40,500,250,0.1389982290239582,0.0011988361544553,5,Powersupply
1,40,1000,250,0.1380091556119891,0.0015689589011932,5,Powersupply
4,10,1000,50,0.1371671066261235,0.0,5,Powersupply
4,10,500,100,0.1370334480569385,0.0,5,Powersupply
1,10,500,100,0.1366859357770574,0.0005529088459751,5,Powersupply
4,20,500,100,0.1362649112841247,0.0,5,Powersupply
1,20,500,100,0.1361513015003174,0.0001505514127853,5,Powersupply
1,40,1000,100,0.1359374477896213,0.0004644515081068,5,Powersupply
4,20,1000,50,0.1359307648611621,0.0,5,Powersupply
4,40,1000,50,0.1358906672904066,3.660390667324045e-05,5,Powersupply
4,40,500,100,0.1347144718815784,0.0006656143067057,5,Powersupply
1,10,1000,100,0.1346543255254451,0.0005353647230526,5,Powersupply
1,20,1000,100,0.1338390082534166,0.000737245450357,5,Powersupply
1,40,500,100,0.1291943729742372,0.0002841227208805,5,Powersupply
4,10,1000,100,0.1289404216927857,0.000101351628216,5,Powersupply
4,40,100,250,0.1281718849199719,0.000261404179712,5,Powersupply
4,20,100,250,0.1279513482808166,0.0002656411523286,5,Powersupply
4,10,100,250,0.127777592140876,0.0002969958371141,5,Powersupply
4,20,1000,100,0.1277241287132021,7.320781334649736e-05,5,Powersupply
4,40,1000,100,0.127242957864136,0.0004526420016755,5,Powersupply
1,20,250,250,0.1244160791258729,0.0012360256400916,5,Powersupply
1,40,250,250,0.1233468105723928,0.0006141389455358,5,Powersupply
1,10,250,250,0.1230728105055634,0.0013582137578273,5,Powersupply
1,10,100,250,0.1225983225849567,0.0018851900360125,5,Powersupply
1,40,100,250,0.1220904200220536,0.0003820098930605,5,Powersupply
1,20,100,250,0.121382029605373,0.0007481448119909,5,Powersupply
4,40,250,100,0.1106559294282754,0.0004505404160973,5,Powersupply
4,10,250,100,0.1105089050021719,1.4943482323626184e-05,5,Powersupply
4,20,250,100,0.1104353927891201,0.000229079246179,5,Powersupply
1,40,250,100,0.1047682694556754,0.0008641416714134,5,Powersupply
1,20,250,100,0.1027767567748186,0.0002390957171784,5,Powersupply
4,40,100,100,0.1017943662913088,1.8301953336654583e-05,5,Powersupply
1,10,250,100,0.1014602198683462,0.0007059115044541,5,Powersupply
4,20,100,100,0.1007986099508804,0.0003279064503718,5,Powersupply
4,10,100,100,0.1007184148093694,5.977392929457933e-05,5,Powersupply
1,40,100,100,0.0947171450529621,0.0009128376351009,5,Powersupply
1,10,100,100,0.0945099742707254,0.0010821392654331,5,Powersupply
1,20,100,100,0.0942159254185183,0.0004734985687551,5,Powersupply
4,10,250,50,0.0890366558625989,0.0001647175800296,5,Powersupply
4,40,250,50,0.0881678751628963,0.0002771603081274,5,Powersupply
4,20,250,50,0.0880141678083336,0.0,5,Powersupply
1,10,100,50,0.0859892404851805,0.0001369592777887,5,Powersupply
1,20,100,50,0.0858488989875363,8.966089394190857e-05,5,Powersupply
1,40,100,50,0.0852541183546629,0.0005201319398809,5,Powersupply
4,10,100,50,0.0790924583152336,9.15097666830812e-05,5,Powersupply
4,20,100,50,0.0786647508938416,0.0002078702310956,5,Powersupply
1,10,250,50,0.0784375313262271,1.830195333665337e-05,5,Powersupply
1,20,250,50,0.0783573361847161,0.0,5,Powersupply
4,40,100,50,0.078277141043205,0.0002248981678145,5,Powersupply
1,40,250,50,0.078196945901694,0.0001344913409128,5,Powersupply
1,20,1000,250,0.5361426886649078,0.0001304955232525,5,RialtoBridgeTimelapse
1,10,1000,250,0.53576335274593,0.0,5,RialtoBridgeTimelapse
1,40,1000,250,0.5351554426193632,0.0,5,RialtoBridgeTimelapse
1,10,500,250,0.5320356478498219,0.0002751893050768,5,RialtoBridgeTimelapse
1,20,500,250,0.5318435482498267,2.6637287140518227e-05,5,RialtoBridgeTimelapse
1,40,500,250,0.5317487142700823,2.174925387543632e-05,5,RialtoBridgeTimelapse
4,10,500,250,0.5280769371056182,0.0002675357145384,5,RialtoBridgeTimelapse
4,40,500,250,0.5279796714853676,0.000170735106144,5,RialtoBridgeTimelapse
4,20,500,250,0.527310970346144,0.0006585886319216,5,RialtoBridgeTimelapse
4,40,100,250,0.5250762927208841,0.0002226976508409,5,RialtoBridgeTimelapse
4,20,100,250,0.524901214604433,0.0019992869277645,5,RialtoBridgeTimelapse
4,10,100,250,0.5248258337487386,0.0014609485575833,5,RialtoBridgeTimelapse
4,10,250,250,0.5181996133691594,7.813478103351795e-05,5,RialtoBridgeTimelapse
4,40,1000,250,0.5172585684932339,0.0,5,RialtoBridgeTimelapse
4,40,250,250,0.5172439786501963,0.0001576820905968,5,RialtoBridgeTimelapse
4,20,250,250,0.5166287736021107,0.0003761583602057,5,RialtoBridgeTimelapse
4,20,1000,250,0.516604457197048,4.6615252495953975e-05,5,RialtoBridgeTimelapse
4,10,1000,250,0.5166020255565417,0.0,5,RialtoBridgeTimelapse
1,20,1000,100,0.5138883147515471,5.437313468819772e-06,5,RialtoBridgeTimelapse
1,40,1000,100,0.5133728069642184,0.0003969238832264,5,RialtoBridgeTimelapse
1,10,1000,100,0.5131418011161231,1.087462693766644e-05,5,RialtoBridgeTimelapse
1,10,100,250,0.5100633442351883,0.001567427623885,5,RialtoBridgeTimelapse
1,20,100,250,0.5098372016681054,0.0014750460388635,5,RialtoBridgeTimelapse
1,40,100,250,0.5093581684883708,0.0017976551046522,5,RialtoBridgeTimelapse
1,20,250,250,0.5042736081897652,0.0002259921737095,5,RialtoBridgeTimelapse
1,10,250,250,0.5040571921847075,0.0004960636030528,5,RialtoBridgeTimelapse
1,40,250,250,0.5039574949239505,0.0003371572815197,5,RialtoBridgeTimelapse
1,20,500,100,0.495446753152014,9.988982677689836e-05,5,RialtoBridgeTimelapse
1,40,500,100,0.4952814015975877,2.3700699935105223e-05,5,RialtoBridgeTimelapse
1,10,500,100,0.494729419202665,0.0,5,RialtoBridgeTimelapse
4,40,500,100,0.4901627983318946,2.6637287140500487e-05,5,RialtoBridgeTimelapse
4,20,500,100,0.4895500249243152,0.0,5,RialtoBridgeTimelapse
4,10,500,100,0.4895500249243152,0.0,5,RialtoBridgeTimelapse
1,10,1000,50,0.4801347128840471,6.524776162625231e-05,5,RialtoBridgeTimelapse
1,20,1000,50,0.4800179941397464,0.0,5,RialtoBridgeTimelapse
1,40,1000,50,0.4799912460941773,0.0001413701501902,5,RialtoBridgeTimelapse
4,40,1000,100,0.4792520273802721,0.0,5,RialtoBridgeTimelapse
4,20,1000,100,0.4792520273802721,0.0,5,RialtoBridgeTimelapse
4,10,1000,100,0.4792520273802721,0.0,5,RialtoBridgeTimelapse
4,20,250,100,0.476443482595533,0.0001592213990894,5,RialtoBridgeTimelapse
4,10,250,100,0.4762367931525002,5.830869096661444e-05,5,RialtoBridgeTimelapse
4,40,250,100,0.4750623107879731,0.0005931159506788,5,RialtoBridgeTimelapse
4,40,100,100,0.4692312368539434,5.396379535600161e-05,5,RialtoBridgeTimelapse
4,20,100,100,0.4691850356843243,2.1058624512971783e-05,5,RialtoBridgeTimelapse
4,10,100,100,0.4686525064134518,0.0002276864870819,5,RialtoBridgeTimelapse
1,40,500,50,0.4551277219175916,0.0001816420809685,5,RialtoBridgeTimelapse
1,10,500,50,0.4547410910770951,0.0,5,RialtoBridgeTimelapse
1,20,500,50,0.4547046164695011,0.0,5,RialtoBridgeTimelapse
4,10,500,50,0.4448686306216489,0.0,5,RialtoBridgeTimelapse
4,20,500,50,0.4448686306216489,0.0,5,RialtoBridgeTimelapse
4,40,500,50,0.4448686306216489,0.0,5,RialtoBridgeTimelapse
1,10,100,100,0.4283966978321924,0.0004538935628656,5,RialtoBridgeTimelapse
1,20,100,100,0.4280149302727084,0.0002160263185168,5,RialtoBridgeTimelapse
1,40,100,100,0.4275310338119611,0.0006672073276727,5,RialtoBridgeTimelapse
4,10,250,50,0.4274216099891791,0.0,5,RialtoBridgeTimelapse
4,20,250,50,0.4274216099891791,0.0,5,RialtoBridgeTimelapse
4,40,250,50,0.4274216099891791,0.0,5,RialtoBridgeTimelapse
1,10,250,100,0.426602147138567,0.0001065491485621,5,RialtoBridgeTimelapse
1,20,250,100,0.4263152135588274,4.211724902597161e-05,5,RialtoBridgeTimelapse
1,40,250,100,0.4259528991233936,0.0003671092698538,5,RialtoBridgeTimelapse
4,20,1000,50,0.4133180950528274,0.0,5,RialtoBridgeTimelapse
4,10,1000,50,0.4133180950528274,0.0,5,RialtoBridgeTimelapse
4,40,1000,50,0.4133180950528274,0.0,5,RialtoBridgeTimelapse
4,20,100,50,0.3909956352052912,0.0,5,RialtoBridgeTimelapse
4,10,100,50,0.3909737504407348,4.661525249592358e-05,5,RialtoBridgeTimelapse
4,40,100,50,0.3909324125521283,0.0001550826273527,5,RialtoBridgeTimelapse
1,20,250,50,0.3439798660166081,0.0,5,RialtoBridgeTimelapse
1,10,250,50,0.3439798660166081,0.0,5,RialtoBridgeTimelapse
1,40,250,50,0.3438193777431944,0.0001482602942919,5,RialtoBridgeTimelapse
1,10,100,50,0.3181825918856156,2.1749253875428812e-05,5,RialtoBridgeTimelapse
1,40,100,50,0.3180901895463774,0.00012884253223,5,RialtoBridgeTimelapse
1,20,100,50,0.3180658731413147,0.0001065491485621,5,RialtoBridgeTimelapse
4,40,500,100,0.8452376343669752,0.0,5,SineClusters
4,10,500,100,0.845155046262243,9.810732741666912e-05,5,SineClusters
4,20,500,100,0.8451085904533313,6.579974337805322e-05,5,SineClusters
4,40,100,100,0.8448801827261818,2.564697058361354e-05,5,SineClusters
4,10,100,100,0.8447279109080821,0.0001734908915611,5,SineClusters
4,20,100,100,0.8446079000683933,2.871045831399581e-05,5,SineClusters
4,20,250,100,0.8438878350302609,3.4263528440863225e-05,5,SineClusters
4,10,250,100,0.8438878350302608,1.540440605775534e-05,5,SineClusters
4,40,250,100,0.8438052469255288,0.0,5,SineClusters
1,10,100,100,0.8436994309163408,8.947406573984332e-05,5,SineClusters
1,40,100,100,0.8436723316944758,9.533105473650656e-05,5,SineClusters
1,20,100,100,0.8435949053462893,0.0001567631284144,5,SineClusters
4,20,1000,100,0.8433200418102279,6.059570222791034e-05,5,SineClusters
4,10,1000,100,0.8432284206315408,5.771019259796552e-06,5,SineClusters
4,40,1000,100,0.8431535751616275,1.7670065602844776e-05,5,SineClusters
1,10,250,100,0.8415327836062613,7.774828865255081e-05,5,SineClusters
1,20,250,100,0.8415237505323061,7.42142755320245e-05,5,SineClusters
1,40,250,100,0.8414914895538953,6.348121185779827e-05,5,SineClusters
1,40,500,100,0.8412488869962449,2.885509629898276e-06,5,SineClusters
1,20,500,100,0.8411946885525143,3.180611808518563e-05,5,SineClusters
1,10,500,100,0.8411882363568323,8.656528889694828e-06,5,SineClusters
1,20,1000,100,0.8399016685378035,0.0,5,SineClusters
1,10,1000,100,0.8398732788768017,3.751162518868534e-05,5,SineClusters
1,40,1000,100,0.8396964887151096,5.398294210666406e-06,5,SineClusters
4,10,100,50,0.8317460931955145,0.0,5,SineClusters
4,20,100,50,0.8317460931955145,0.0,5,SineClusters
4,40,100,50,0.8317202844127858,0.0,5,SineClusters
4,20,250,50,0.8299136696217723,0.0,5,SineClusters
4,40,250,50,0.8299136696217723,0.0,5,SineClusters
4,10,250,50,0.8299136696217723,0.0,5,SineClusters
4,10,500,50,0.8281844811789452,0.0,5,SineClusters
4,40,500,50,0.8281844811789452,0.0,5,SineClusters
4,20,500,50,0.8281844811789452,0.0,5,SineClusters
4,10,1000,50,0.8275973313718659,0.0,5,SineClusters
4,20,1000,50,0.8275973313718659,0.0,5,SineClusters
4,40,1000,50,0.8275973313718659,0.0,5,SineClusters
1,10,100,50,0.8261972049088305,0.0,5,SineClusters
1,20,100,50,0.8261959144696942,2.885509629970683e-06,5,SineClusters
1,40,100,50,0.8261455873433728,0.0,5,SineClusters
4,40,100,250,0.8249016040158466,0.0022464503250854,5,SineClusters
4,10,100,250,0.8228446440323642,0.0039959896530155,5,SineClusters
4,20,100,250,0.8226717251880815,0.0037018530187945,5,SineClusters
1,10,250,50,0.8225000967829352,0.0,5,SineClusters
1,20,250,50,0.8225000967829352,0.0,5,SineClusters
1,40,250,50,0.8225000967829352,0.0,5,SineClusters
1,40,1000,50,0.8214548410824204,0.0,5,SineClusters
1,10,1000,50,0.8214548410824204,0.0,5,SineClusters
1,20,1000,50,0.8214548410824204,0.0,5,SineClusters
1,20,500,50,0.8204547507516808,0.0,5,SineClusters
1,10,500,50,0.8204547507516808,0.0,5,SineClusters
1,40,500,50,0.8204547507516808,0.0,5,SineClusters
1,20,100,250,0.81949853535158,0.0002122566448312,5,SineClusters
1,10,100,250,0.819285612894068,0.0008233744974137,5,SineClusters
1,40,100,250,0.8192030247893358,0.0005391156031039,5,SineClusters
1,40,250,250,0.818862348857316,0.002802947725465,5,SineClusters
4,10,500,250,0.8184429561379737,0.0014189066346611,5,SineClusters
4,40,250,250,0.8180996993276812,0.0017170782639742,5,SineClusters
1,20,250,250,0.8177035345127948,0.0018094503796238,5,SineClusters
4,20,250,250,0.8176377221168364,0.0009810478134571,5,SineClusters
4,20,500,250,0.8168802343437471,0.0036198284155496,5,SineClusters
4,10,250,250,0.8163124411237144,0.0013876796519439,5,SineClusters
1,10,250,250,0.816193720723162,0.0019164954564823,5,SineClusters
1,40,500,250,0.8136270372807866,0.0026387997397774,5,SineClusters
1,10,500,250,0.8133366884750881,0.0031416276798539,5,SineClusters
1,20,500,250,0.8127082446156427,0.0016296782605903,5,SineClusters
4,40,500,250,0.812179164569703,0.0026202850456425,5,SineClusters
1,10,1000,250,0.8099738040855303,0.0056193838747921,5,SineClusters
1,40,1000,250,0.8064276773385984,0.0082684856199281,5,SineClusters
4,10,1000,250,0.805766972500742,0.0020112312610446,5,SineClusters
1,20,1000,250,0.8057166453744209,0.0079637705591623,5,SineClusters
4,20,1000,250,0.8022453640974023,0.0018136604456487,5,SineClusters
4,40,1000,250,0.798206289600351,0.0069477691306684,5,SineClusters
4,20,100,250,0.7906946433871447,8.656528889694828e-06,5,WaveformDrift2
4,10,100,250,0.7906907720697354,0.0,5,WaveformDrift2
4,40,100,250,0.7906907720697354,0.0,5,WaveformDrift2
4,20,100,50,0.7883228162543714,0.0,5,WaveformDrift2
4,40,100,50,0.7883228162543714,0.0,5,WaveformDrift2
4,10,100,50,0.7883228162543714,0.0,5,WaveformDrift2
4,40,100,100,0.7871162556618017,0.0,5,WaveformDrift2
4,20,100,100,0.7871162556618017,0.0,5,WaveformDrift2
4,10,100,100,0.7871162556618017,0.0,5,WaveformDrift2
4,40,250,250,0.7859032428735498,0.0,5,WaveformDrift2
4,10,250,250,0.7859032428735498,0.0,5,WaveformDrift2
4,20,250,250,0.7859032428735498,0.0,5,WaveformDrift2
4,40,250,100,0.7847482998464378,0.0,5,WaveformDrift2
4,10,250,100,0.7847482998464378,0.0,5,WaveformDrift2
4,20,250,100,0.7847482998464378,0.0,5,WaveformDrift2
4,40,250,50,0.7843095505400488,0.0,5,WaveformDrift2
4,10,250,50,0.7843095505400488,0.0,5,WaveformDrift2
4,20,250,50,0.7843095505400488,0.0,5,WaveformDrift2
4,40,500,250,0.7818319073980876,0.0,5,WaveformDrift2
4,20,500,250,0.7818319073980876,0.0,5,WaveformDrift2
4,10,500,250,0.7817480288542191,0.0,5,WaveformDrift2
4,20,500,100,0.7766830552436994,0.0,5,WaveformDrift2
4,10,500,100,0.7766830552436994,0.0,5,WaveformDrift2
4,40,500,100,0.7766830552436994,0.0,5,WaveformDrift2
1,20,100,250,0.7762585007678113,6.059570222788559e-05,5,WaveformDrift2
1,40,100,250,0.7762043023240809,7.653402940759787e-05,5,WaveformDrift2
1,10,100,250,0.7761978501283987,6.879989295839722e-05,5,WaveformDrift2
4,10,1000,250,0.7749151536267792,0.0,5,WaveformDrift2
4,20,1000,250,0.7749151536267792,0.0,5,WaveformDrift2
4,40,1000,250,0.7749151536267792,0.0,5,WaveformDrift2
4,10,500,50,0.7706373478894868,0.0,5,WaveformDrift2
4,20,500,50,0.7706373478894868,0.0,5,WaveformDrift2
4,40,500,50,0.7706373478894868,0.0,5,WaveformDrift2
1,20,250,250,0.7672628495477011,0.0,5,WaveformDrift2
1,40,250,250,0.7672241363736079,7.579613722832594e-05,5,WaveformDrift2
1,10,250,250,0.767221555495335,5.771019259850857e-06,5,WaveformDrift2
1,10,500,250,0.7670731549946447,3.4626115558852746e-05,5,WaveformDrift2
1,40,500,250,0.7669402397635916,0.0,5,WaveformDrift2
1,20,500,250,0.7668176480456299,0.0,5,WaveformDrift2
1,10,1000,250,0.7609461499748364,0.0,5,WaveformDrift2
1,20,1000,250,0.7609009846050611,0.0,5,WaveformDrift2
1,40,1000,250,0.7608429148439214,0.0,5,WaveformDrift2
4,20,1000,100,0.7581007316789904,0.0,5,WaveformDrift2
4,10,1000,100,0.7581007316789904,0.0,5,WaveformDrift2
4,40,1000,100,0.7581007316789904,0.0,5,WaveformDrift2
1,10,100,100,0.7570954795917051,1.1542038519600862e-05,5,WaveformDrift2
1,20,100,100,0.7570619281741576,0.0,5,WaveformDrift2
1,40,100,100,0.7569922444607899,2.473809184407306e-05,5,WaveformDrift2
1,10,250,100,0.7558489153859058,0.0,5,WaveformDrift2
1,40,250,100,0.7557456802549908,0.0,5,WaveformDrift2
1,20,250,100,0.7557430993767179,3.534013120581624e-06,5,WaveformDrift2
1,10,500,100,0.7524937736311667,0.0,5,WaveformDrift2
1,20,500,100,0.7524937736311667,0.0,5,WaveformDrift2
1,40,500,100,0.7524937736311667,0.0,5,WaveformDrift2
1,40,250,50,0.747596557108384,0.0,5,WaveformDrift2
1,10,250,50,0.747596557108384,0.0,5,WaveformDrift2
1,20,250,50,0.747596557108384,0.0,5,WaveformDrift2
1,10,100,50,0.7470932858451731,0.0,5,WaveformDrift2
1,20,100,50,0.7470932858451731,0.0,5,WaveformDrift2
1,40,100,50,0.7470932858451731,0.0,5,WaveformDrift2
4,20,1000,50,0.744686616855716,0.0,5,WaveformDrift2
4,10,1000,50,0.744686616855716,0.0,5,WaveformDrift2
4,40,1000,50,0.744686616855716,0.0,5,WaveformDrift2
1,20,500,50,0.7420154078432891,0.0,5,WaveformDrift2
1,10,500,50,0.7420154078432891,0.0,5,WaveformDrift2
1,40,500,50,0.7420154078432891,0.0,5,WaveformDrift2
1,40,1000,100,0.7394693714270967,5.7710192597887935e-06,5,WaveformDrift2
1,10,1000,100,0.7394667905488238,0.0,5,WaveformDrift2
1,20,1000,100,0.7394667905488238,0.0,5,WaveformDrift2
1,10,1000,50,0.7231749964512924,0.0,5,WaveformDrift2
1,20,1000,50,0.7231749964512924,0.0,5,WaveformDrift2
1,40,1000,50,0.7231749964512924,0.0,5,WaveformDrift2
