seed,n_reference_samples,recent_samples_proportion,threshold,lpd (ht),lpd (nb),acc (ht-no dd),acc (nb-no dd),acc (ht-dd),acc (nb-dd),f1 (ht-no dd),f1 (nb-no dd),f1 (ht-dd),f1 (nb-dd),drifts
1733674697,50,0.1,0.6,0.0003545886183194,0.000384232439094,0.1746672045179507,0.1754915200729607,0.4207517056316537,0.4421488328042514,0.1637466349160202,0.1640181559553793,0.4233310850775609,0.4435096992162788,"[91, 232, 337, 394, 451, 550, 655, 730, 817, 874, 949, 1006, 1063, 1192, 1243, 1360, 1465, 1564, 1633, 1762, 1927, 2002, 2077, 2152, 2221, 2320, 2449, 2572, 2689, 2752, 2815, 2866, 3013, 3088, 3163, 3220, 3277, 3436, 3517, 3568, 3703, 3772, 3829, 3904, 3973, 4048, 4159, 4210, 4267, 4432, 4483, 4546, 4693, 4750, 4825, 4966, 5035, 5086, 5167, 5254, 5365, 5434, 5509, 5632, 5695, 5770, 5929, 5992, 6055, 6118, 6301, 6400, 6475, 6544, 6607, 6658, 6727, 6874, 6961, 7030, 7093, 7186, 7273, 7324, 7387, 7570, 7621, 7672, 7789, 7888, 7987, 8038, 8131, 8182, 8245, 8380, 8431, 8518, 8629, 8716, 8773, 8842, 8917, 8986, 9037, 9142, 9265, 9358, 9415, 9478, 9541, 9628, 9721, 9850, 9997, 10078, 10201, 10294, 10411, 10462, 10567, 10642, 10711, 10798, 10849, 10918, 11005, 11080, 11137, 11206, 11281, 11380, 11437, 11488, 11557, 11626, 11713, 11842, 11905, 11956, 12037, 12094, 12205, 12262, 12385, 12472, 12601, 12706, 12781, 12844, 12925, 13018, 13087, 13138, 13243, 13336, 13453, 13558, 13621, 13690, 13795, 13900, 14059, 14134, 14293, 14356, 14569, 14644, 14761, 14884, 14953, 15070, 15139, 15286, 15337, 15418, 15517, 15580, 15637, 15736, 15793, 15892, 15967, 16054, 16135, 16216, 16273, 16330, 16429, 16480, 16549, 16624, 16687, 16870, 16945, 17050, 17107, 17248, 17335, 17398, 17449, 17512, 17605, 17668, 17749, 17824, 17923, 17974, 18073, 18202, 18319, 18370, 18475, 18562, 18631, 18706, 18781, 19012, 19075, 19138, 19231, 19282, 19339, 19450, 19531, 19672, 19723, 19810, 19927, 19978, 20041, 20092, 20149, 20212, 20275, 20350, 20413, 20464, 20527, 20650, 20773, 20896, 20983, 21148, 21199, 21340, 21397, 21496, 21565, 21664, 21733, 21784, 21853, 22006, 22099, 22186, 22249, 22324, 22387, 22456, 22513, 22570, 22645, 22774, 22885, 22972, 23053, 23128, 23209, 23266, 23335, 23404, 23461, 23512, 23635, 23692, 23767, 23824, 23887, 23980, 24079, 24154, 24223, 24280, 24331, 24388, 24475, 24550, 24607, 24700, 24763, 24862, 24955, 25012, 25093, 25144, 25225, 25282, 25333, 25390, 25501, 25558, 25609, 25672, 25765, 25834, 25891, 26020, 26083, 26152, 26215, 26296, 26395, 26464, 26527, 26578, 26671, 26728, 26881, 26986, 27037, 27136, 27187, 27280, 27355, 27448, 27529, 27622, 27703, 27778, 27841, 27916, 28015, 28174, 28285, 28342, 28417, 28504, 28555, 28672, 28735, 28816, 28873, 28942, 29017, 29116, 29203, 29326, 29419, 29542, 29617, 29734, 29803, 29866, 29917, 29974, 30037, 30124, 30199, 30256, 30307, 30412, 30463, 30544, 30667, 30718, 30787, 30844, 30931, 31012, 31117, 31174, 31303, 31444, 31507, 31570, 31657, 31708, 31759, 31846, 31903, 31954, 32011, 32134, 32185, 32296, 32365, 32458, 32551, 32608, 32659, 32722, 32785, 32866, 33019, 33082, 33169, 33310, 33379, 33472, 33571, 33652, 33751, 33814, 33901, 33964, 34021, 34084, 34183, 34270, 34381, 34474, 34561, 34618, 34699, 34762, 34903, 34966, 35017, 35086, 35209, 35272, 35323, 35422, 35473, 35572, 35653, 35740, 35791, 35866, 35947, 36004, 36121, 36178, 36235, 36298, 36367, 36460, 36511, 36616, 36691, 36742, 36931, 37012, 37069, 37120, 37195, 37264, 37321, 37384, 37441, 37492, 37627, 37690, 37747, 37816, 37885, 37954, 38011, 38062, 38113, 38224, 38323, 38392, 38497, 38572, 38629, 38764, 38869, 38926, 39031, 39106, 39253, 39322, 39469, 39580, 39667, 39718, 39793, 39856, 39931, 39988, 40045, 40102, 40189, 40270, 40351, 40432, 40513, 40624, 40675, 40738, 40891, 40972, 41047, 41206, 41281, 41362, 41461, 41524, 41581, 41674, 41827, 41890, 41947, 42010, 42085, 42142, 42217, 42268, 42367, 42466, 42553, 42622, 42703, 42754, 42817, 42868, 42949, 43018, 43117, 43174, 43225, 43300, 43363, 43444, 43519, 43582, 43639, 43696, 43771, 43828, 43945, 44032, 44113, 44230, 44281, 44380, 44515, 44572, 44623, 44698, 44749, 44806, 44881, 44956, 45079, 45136, 45193, 45256, 45319, 45370, 45463, 45514, 45577, 45688, 45757, 45844, 45955, 46072, 46147, 46198, 46261, 46468, 46537, 46588, 46687, 46738, 46801, 46888, 46987, 47056, 47197, 47248, 47305, 47398, 47503, 47572, 47641, 47692, 47743, 47824, 47905, 47992, 48091, 48214, 48295, 48346, 48397, 48562, 48643, 48700, 48757, 48808, 49009, 49126, 49219, 49324, 49381, 49468, 49531, 49606, 49729, 49864, 49975, 50062, 50119, 50242, 50299, 50386, 50461, 50512, 50593, 50650, 50749, 50872, 50953, 51046, 51145, 51238, 51331, 51424, 51517, 51634, 51709, 51862, 51925, 51976, 52087, 52144, 52213, 52288, 52369, 52432, 52483, 52570, 52651, 52708, 52777, 52828, 52891, 52954, 53005, 53164, 53215, 53266, 53353, 53464, 53569, 53632, 53719, 53806, 53887, 53980, 54037, 54088, 54175, 54280, 54331, 54424, 54475, 54598, 54721, 54796, 54847, 54916, 54973, 55048, 55105, 55156, 55219, 55270, 55321, 55408, 55465, 55570, 55621, 55678, 55741, 55792, 55921, 56002, 56089, 56140, 56215, 56320, 56377, 56458, 56539, 56602, 56683, 56758, 56917, 56974]"
1733674748,50,0.1,0.7,0.0011171629323107,0.0011401898395501,0.1746672045179507,0.1754915200729607,0.5031131066173247,0.5107073329007138,0.1637466349160202,0.1640181559553793,0.5033155566771756,0.5100244791177947,"[385, 586, 1135, 1768, 2179, 2428, 2581, 2752, 2839, 3040, 3169, 3220, 3355, 4066, 4483, 4750, 5233, 5704, 5929, 6136, 6307, 6574, 6673, 6874, 6967, 7906, 7999, 8404, 8635, 8740, 8869, 9178, 9343, 9508, 10105, 10234, 10309, 10462, 10597, 10648, 11179, 11248, 11641, 11704, 11815, 12286, 12397, 12598, 12649, 12706, 12925, 13018, 13159, 13462, 13573, 13654, 13705, 14320, 14569, 14644, 14797, 14884, 14953, 15070, 15139, 15334, 15655, 15742, 15793, 15976, 16075, 16174, 16273, 16420, 16477, 16612, 16663, 17140, 17263, 17452, 17509, 17962, 18019, 18076, 18331, 18646, 18781, 19012, 19075, 19162, 19381, 19942, 20167, 20230, 20341, 20434, 20647, 20800, 20983, 21172, 21337, 21406, 21493, 22006, 22147, 22264, 22399, 22552, 22819, 22906, 23053, 23176, 23425, 23674, 23911, 24082, 24133, 24220, 24475, 24886, 25093, 25150, 25225, 25678, 25765, 25834, 26083, 26218, 26341, 26422, 27067, 27448, 27535, 27622, 27703, 28216, 28417, 28504, 28813, 29032, 29119, 29212, 29269, 29326, 29431, 29578, 30127, 30934, 31117, 31600, 31789, 31930, 32083, 32152, 32461, 32536, 32605, 32662, 32881, 32956, 33283, 33730, 33901, 34054, 34201, 34966, 35095, 35422, 35551, 35740, 35791, 35866, 35995, 36118, 36235, 36532, 36649, 36706, 36775, 36934, 37009, 37156, 37519, 37648, 37855, 38062, 38179, 38230, 38323, 38608, 38935, 39016, 39151, 39370, 39583, 39634, 39823, 40102, 40267, 40384, 40513, 40660, 40765, 40978, 41287, 41560, 41647, 41734, 41911, 42202, 42277, 42484, 42553, 42754, 42859, 43054, 43117, 43228, 43369, 43588, 43645, 43696, 44155, 44284, 44401, 44698, 44749, 44806, 45127, 45256, 45709, 46174, 46261, 46468, 46741, 46834, 46885, 47068, 47197, 47398, 47515, 47572, 47647, 47824, 47905, 48562, 48643, 49030, 49243, 49468, 49693, 49864, 50107, 50512, 50665, 50884, 51091, 51238, 51547, 51688, 51745, 51862, 51955, 52222, 52291, 52468, 52699, 53002, 53095, 53164, 53413, 53464, 53719, 53806, 53929, 53986, 54241, 54358, 54427, 54598, 54721, 54820, 55033, 55192, 55309, 55408, 55477, 55570, 55645, 55906, 56113, 56476, 56755, 56914]"
1733674804,50,0.1,0.8,0.0075886139221635,0.0076061525509935,0.1746672045179507,0.1754915200729607,0.5540979006261291,0.5557991476226388,0.1637466349160202,0.1640181559553793,0.5474672539746536,0.5489644011593681,"[3031, 4750, 5467, 5806, 6673, 8662, 12397, 17140, 17749, 19162, 20251, 20566, 20983, 22006, 22399, 22774, 23053, 24316, 24883, 25024, 25321, 26020, 27703, 28234, 28447, 28546, 29119, 29578, 30787, 30934, 31759, 37648, 38179, 38608, 40051, 40660, 41671, 42250, 42667, 43270, 44317, 44698, 46495, 49030, 49897, 51502, 52153, 52468, 54427, 55576]"
1733674863,50,0.5,0.6,0.0013361246326853,0.0013571293936951,0.1746672045179507,0.1754915200729607,0.5127067365873336,0.5188452566778329,0.1637466349160202,0.1640181559553793,0.5111092861552855,0.5164233851726733,"[439, 490, 1139, 1242, 1319, 1396, 1603, 1680, 1965, 3186, 3367, 3444, 3781, 3832, 4169, 4532, 5103, 5180, 5569, 5646, 5749, 5826, 6085, 6162, 6343, 6706, 7641, 8108, 8263, 8496, 8547, 8780, 8935, 9168, 9479, 9946, 10049, 10152, 11477, 11528, 11631, 11786, 11837, 11888, 12173, 12328, 12405, 12482, 12715, 13026, 13493, 13622, 13751, 14140, 14581, 14814, 14865, 15254, 15305, 15356, 15433, 15536, 15639, 15690, 15897, 16078, 16441, 16492, 16933, 16984, 17269, 17346, 17813, 18306, 18461, 18798, 19135, 19264, 19315, 19574, 19703, 19832, 20013, 20064, 20167, 20244, 20399, 20788, 21255, 21358, 21513, 21564, 21823, 21900, 22133, 22262, 22547, 22884, 23013, 23194, 23453, 23920, 24205, 24308, 24359, 24488, 24565, 24616, 24693, 24744, 24925, 25210, 25391, 25520, 25571, 25856, 25985, 26478, 26581, 27074, 27411, 27592, 27643, 27694, 27979, 28056, 28133, 28236, 28547, 28962, 29533, 29766, 29895, 29972, 30231, 30282, 30463, 30722, 30799, 31032, 31785, 31966, 32615, 32978, 33185, 33808, 33989, 34378, 34533, 34662, 35025, 35154, 35465, 35542, 35723, 36008, 36293, 36396, 36447, 36680, 37303, 37406, 37535, 37794, 37975, 38104, 38181, 38544, 38985, 39244, 39347, 39684, 39813, 40098, 40175, 40538, 40667, 40718, 40925, 41184, 41391, 41546, 41831, 41908, 41985, 42140, 42269, 42684, 42735, 42838, 42967, 43408, 43537, 43666, 43795, 44106, 44261, 44338, 44441, 44596, 44933, 45166, 45217, 45424, 45475, 45604, 46773, 46824, 46901, 47082, 47471, 47522, 47885, 48066, 48117, 48246, 49025, 49076, 49387, 49646, 49775, 50008, 50189, 50240, 50291, 50394, 50965, 51016, 51483, 51690, 51923, 52312, 52363, 52648, 52855, 53114, 53321, 53632, 53683, 53916, 54123, 54590, 54719, 55238, 55289, 55340, 55469, 55598, 55961, 56038, 56453, 56556, 56607]"
1733674913,50,0.5,0.7,0.0240246330041917,0.0239774979392111,0.1746672045179507,0.1754915200729607,0.5590613325850186,0.5591314871003384,0.1637466349160202,0.1640181559553793,0.5483229063179206,0.548257345535051,"[9695, 11774, 15309, 19312, 19831, 20064, 20245, 29058, 31969, 38182, 42991, 43380, 44367, 46186, 49045, 55518]"
1733675017,50,1.0,0.6,0.0033935652365243,0.0034098283287121,0.1746672045179507,0.1754915200729607,0.5479593805356298,0.5505726362312995,0.1637466349160202,0.1640181559553793,0.5430356820148492,0.5452650812249845,"[457, 1171, 1222, 2497, 3466, 4588, 4945, 5659, 5710, 6322, 6373, 7597, 10555, 10861, 10912, 11626, 13768, 14839, 14890, 15349, 15400, 16318, 17083, 17542, 18511, 19225, 19786, 20092, 20194, 20296, 20449, 21265, 21928, 22387, 23509, 24274, 24376, 24631, 24682, 24733, 24835, 24886, 25600, 25651, 25702, 25855, 26773, 27589, 28048, 28558, 29068, 29425, 30037, 30190, 30241, 30292, 30445, 30496, 31057, 31108, 31873, 32281, 33607, 34627, 35749, 36310, 36361, 36616, 36820, 37432, 37483, 38095, 38197, 38911, 38962, 39931, 41308, 41359, 42073, 42532, 42889, 42940, 43399, 43450, 43603, 43654, 44674, 45235, 45439, 45490, 45847, 45898, 45949, 47530, 47734, 48142, 48295, 49366, 50233, 51151, 51559, 52222, 52375, 52528, 53140, 53191, 54109, 55945, 56047, 56608]"
1733675067,50,1.0,0.7,0.0936475086377746,0.0933888138625322,0.1746672045179507,0.1754915200729607,0.5492572390690496,0.5490467755230896,0.1637466349160202,0.1640181559553793,0.5377237046138528,0.5372684724723515,"[1222, 6322, 33862, 43450]"
1733675169,125,0.1,0.6,0.0011420345618917,0.0011646630725151,0.1746672045179507,0.1754915200729607,0.5012890892190048,0.508585158812284,0.1637466349160202,0.1640181559553793,0.5014510955218965,0.507700516836286,"[249, 389, 557, 837, 1061, 1215, 1369, 1663, 1803, 2251, 2447, 2699, 2965, 3091, 3217, 3357, 3525, 3777, 3917, 4071, 4295, 4449, 4575, 4743, 4953, 5177, 5443, 5639, 5821, 6031, 6171, 6311, 6479, 6605, 6871, 7053, 7193, 7445, 7585, 7907, 8047, 8257, 8537, 8663, 8789, 9041, 9167, 9363, 9545, 9685, 9853, 9993, 10231, 10413, 10595, 10903, 11141, 11281, 11505, 11645, 11799, 11995, 12121, 12303, 12499, 12625, 12863, 13017, 13255, 13395, 13661, 13871, 14081, 14221, 14361, 14515, 14683, 15159, 15313, 15467, 15747, 15985, 16195, 16321, 16643, 17147, 17343, 17511, 17637, 17777, 17973, 18113, 18253, 18449, 18589, 18715, 18953, 19079, 19275, 19415, 19541, 19667, 19821, 20087, 20227, 20591, 20801, 21011, 21207, 21361, 21585, 21893, 22425, 22579, 22775, 23139, 23293, 23559, 23713, 23965, 24119, 24245, 24399, 24525, 24651, 24889, 25197, 25449, 25589, 25827, 26093, 26219, 26345, 26499, 26723, 26905, 27073, 27395, 27535, 27717, 27843, 27969, 28347, 28515, 28767, 28893, 29033, 29271, 29439, 29579, 29775, 29929, 30083, 30209, 30335, 30475, 30755, 30895, 31035, 31189, 31315, 31567, 31749, 31917, 32141, 32295, 32463, 32603, 32771, 33289, 33485, 33751, 33947, 34129, 34255, 34381, 34507, 34647, 34801, 34941, 35333, 35459, 35613, 35795, 36005, 36271, 36509, 36649, 37153, 37307, 37433, 37573, 37741, 37923, 38063, 38343, 38749, 38945, 39113, 39295, 39589, 39715, 39869, 40051, 40359, 40527, 40723, 40975, 41255, 41395, 41535, 41675, 41829, 41969, 42109, 42487, 42669, 42795, 42921, 43061, 43243, 43369, 43509, 43649, 43803, 44111, 44293, 44601, 44797, 44937, 45133, 45357, 45553, 45805, 45945, 46155, 46421, 46589, 46743, 46981, 47261, 47555, 47877, 48003, 48171, 48395, 48647, 48787, 48927, 49067, 49277, 49473, 49613, 49795, 49921, 50397, 50523, 50691, 50957, 51083, 51209, 51335, 51713, 51867, 52203, 52399, 52819, 52959, 53169, 53295, 53491, 53631, 53981, 54205, 54359, 54513, 54681, 54821, 55241, 55521, 55843, 56095, 56291, 56417, 56697, 56837]"
1733675219,125,0.1,0.7,0.0071842194697973,0.0071885213976235,0.1746672045179507,0.1754915200729607,0.5554308364172089,0.5564831541470088,0.1637466349160202,0.1640181559553793,0.5481272001989145,0.548879652146066,"[389, 2153, 2531, 2755, 4071, 5471, 5709, 6143, 8663, 9545, 10231, 10903, 13017, 13661, 15313, 15747, 16629, 17343, 17973, 18785, 19821, 20801, 20983, 22565, 24889, 26905, 27073, 28543, 29117, 30475, 34311, 34759, 35025, 36271, 37573, 38119, 39155, 39589, 40051, 42487, 42865, 43243, 45847, 46183, 47079, 47373, 47877, 48395, 52315, 53981, 55241, 56529, 56837]"
1733675273,125,0.1,0.8,0.1827262044653348,0.1826911272076749,0.1746672045179507,0.1754915200729607,0.5401196134486206,0.5408737744883105,0.1637466349160202,0.1640181559553793,0.5285274336247109,0.527108281867749,"[15341, 28543]"
1733675327,125,0.5,0.6,0.0098054426412635,0.0098022946822427,0.1746672045179507,0.1754915200729607,0.5570794675272287,0.5577810126804287,0.1637466349160202,0.1640181559553793,0.5478965791422318,0.548434668366289,"[635, 1209, 4151, 4661, 4787, 7665, 8559, 11309, 16107, 18793, 21031, 21221, 22947, 24289, 24735, 24925, 25499, 27609, 27991, 28565, 31123, 33617, 37007, 37133, 41291, 41673, 43463, 43781, 43907, 45441, 46079, 46205, 48507, 49721, 50551, 53301, 54131, 55217, 55471]"
1733675479,125,1.0,0.6,0.041819886076862,0.041697115675052,0.1746672045179507,0.1754915200729607,0.5510461792097093,0.5507655611484295,0.1637466349160202,0.1640181559553793,0.5391461412487908,0.538836733223929,"[1258, 5920, 7810, 9070, 25198, 25324, 29860, 42964, 46240]"
1733675629,250,0.1,0.6,0.0040615270350337,0.0040788750265938,0.1746672045179507,0.1754915200729607,0.5483276917410597,0.5507480225195994,0.1637466349160202,0.1640181559553793,0.5429526515209666,0.5449419667837169,"[561, 890, 1141, 1470, 2111, 3376, 3861, 5412, 5715, 6018, 6763, 7066, 7447, 8452, 8885, 10410, 11285, 11640, 11995, 12298, 13043, 13892, 14169, 14498, 14827, 15234, 15641, 16178, 16741, 17382, 17971, 18456, 19279, 19738, 20015, 20266, 20569, 20820, 21201, 21504, 22561, 23254, 24129, 24562, 25177, 25480, 26355, 27594, 27845, 28460, 29127, 29456, 30149, 31310, 31821, 32150, 32869, 33120, 33501, 33934, 35121, 35814, 37105, 37408, 37971, 38768, 40371, 41012, 41289, 41566, 42493, 42926, 43281, 43532, 43887, 44294, 44597, 45602, 46997, 47846, 49657, 50454, 50913, 51268, 51883, 52654, 53113, 53988, 54785, 55244, 55599, 55928]"
1733675680,250,0.1,0.7,0.1191282132229569,0.1181518962180869,0.1746672045179507,0.1754915200729607,0.5320518441868215,0.5299472087272217,0.1637466349160202,0.1640181559553793,0.5232868342430043,0.5179346693017443,"[19827, 21430, 31327]"
1733675785,250,0.5,0.6,0.0922005717592998,0.0918848764403598,0.1746672045179507,0.1754915200729607,0.5434694915551502,0.5430310258344002,0.1637466349160202,0.1640181559553793,0.5317956361575767,0.5314732926811235,"[1257, 5918, 39433, 42834]"
1733675935,250,1.0,0.6,0.3625760738025501,0.308802637809776,0.1746672045179507,0.1754915200729607,0.5372432783205009,0.4842941578827367,0.1637466349160202,0.1640181559553793,0.524391047340285,0.4730674213281899,[1504]
1733676084,500,0.1,0.6,0.0155111633372502,0.0154922216181138,0.1746672045179507,0.1754915200729607,0.5624462879492081,0.5627970605258081,0.1637466349160202,0.1640181559553793,0.5525491594785779,0.5528928563175183,"[1162, 2122, 6040, 15313, 17854, 19477, 20029, 25528, 26233, 27754, 28561, 29572, 33949, 35368, 39439, 41011, 41614, 42982, 46645, 48217, 49075, 49576, 52474, 55321, 56638]"
1733676237,500,0.5,0.6,0.3626637669467001,0.308732483294456,0.1746672045179507,0.1754915200729607,0.5373309714646509,0.4842240033674167,0.1637466349160202,0.1640181559553793,0.5244236307492947,0.4729798322119202,[1503]
1733676386,500,1.0,0.6,0.36276899871968,0.308785099180946,0.1746672045179507,0.1754915200729607,0.5374362032376309,0.4842766192539067,0.1637466349160202,0.1640181559553793,0.524554719055437,0.4730434945006777,[1501]
1733676533,50,0.1,0.6,0.0003392674315039,0.0003690440172195,0.1746672045179507,0.1754915200729607,0.418261220337794,0.4404651244365715,0.1637466349160202,0.1640181559553793,0.4207406214671378,0.4418001121469073,"[91, 142, 229, 340, 391, 586, 685, 832, 907, 970, 1063, 1270, 1333, 1384, 1465, 1564, 1633, 1768, 2017, 2092, 2179, 2242, 2329, 2398, 2449, 2512, 2569, 2650, 2773, 2854, 2965, 3040, 3163, 3226, 3277, 3436, 3517, 3568, 3703, 3760, 3817, 3976, 4051, 4108, 4249, 4318, 4423, 4546, 4693, 4750, 4897, 4966, 5077, 5146, 5209, 5302, 5365, 5434, 5551, 5632, 5707, 5788, 5905, 6022, 6205, 6304, 6361, 6412, 6511, 6574, 6649, 6718, 6865, 6946, 6997, 7048, 7189, 7246, 7303, 7360, 7621, 7672, 7723, 7780, 7885, 7966, 8041, 8116, 8185, 8254, 8311, 8392, 8443, 8518, 8629, 8710, 8773, 8842, 8917, 8986, 9043, 9142, 9265, 9352, 9415, 9484, 9541, 9622, 9721, 9796, 9859, 9928, 9997, 10078, 10183, 10294, 10411, 10462, 10525, 10600, 10651, 10708, 10801, 10852, 10903, 10984, 11041, 11140, 11191, 11248, 11305, 11404, 11497, 11578, 11641, 11704, 11803, 11860, 11959, 12058, 12121, 12232, 12283, 12394, 12463, 12544, 12601, 12652, 12733, 12844, 12925, 13012, 13075, 13138, 13243, 13300, 13381, 13462, 13549, 13654, 13705, 13798, 13867, 13942, 14035, 14122, 14203, 14308, 14359, 14440, 14509, 14578, 14671, 14770, 14827, 14884, 14953, 15064, 15115, 15220, 15289, 15418, 15469, 15526, 15577, 15676, 15733, 15808, 15979, 16156, 16255, 16312, 16369, 16420, 16477, 16588, 16639, 16690, 16825, 16882, 16945, 17020, 17107, 17212, 17263, 17314, 17419, 17512, 17599, 17680, 17749, 17866, 17923, 17974, 18049, 18112, 18163, 18310, 18367, 18436, 18517, 18574, 18631, 18706, 18781, 18856, 18919, 19012, 19129, 19186, 19303, 19372, 19453, 19522, 19585, 19660, 19723, 19810, 19933, 20008, 20077, 20146, 20227, 20344, 20413, 20464, 20563, 20632, 20695, 20746, 20803, 20866, 20917, 20980, 21031, 21100, 21163, 21220, 21307, 21406, 21493, 21544, 21619, 21700, 21787, 22006, 22063, 22120, 22183, 22252, 22303, 22384, 22537, 22648, 22705, 22774, 22903, 23056, 23113, 23176, 23233, 23314, 23371, 23446, 23539, 23602, 23683, 23758, 23821, 23914, 23989, 24082, 24133, 24214, 24283, 24388, 24475, 24550, 24625, 24700, 24793, 24862, 24919, 24976, 25039, 25102, 25189, 25282, 25333, 25504, 25555, 25672, 25723, 25828, 25891, 25990, 26083, 26152, 26215, 26266, 26329, 26398, 26527, 26578, 26629, 26716, 26875, 26926, 26977, 27124, 27217, 27292, 27373, 27448, 27529, 27676, 27739, 27802, 27859, 27928, 27991, 28060, 28111, 28162, 28213, 28330, 28381, 28504, 28555, 28612, 28663, 28732, 28813, 28888, 28939, 29032, 29113, 29176, 29227, 29326, 29419, 29476, 29527, 29578, 29773, 29836, 29887, 29956, 30037, 30124, 30205, 30256, 30307, 30412, 30463, 30514, 30565, 30706, 30787, 30874, 31051, 31108, 31177, 31258, 31309, 31420, 31471, 31528, 31627, 31678, 31747, 31846, 31915, 31996, 32059, 32218, 32299, 32350, 32461, 32524, 32575, 32662, 32725, 32788, 32857, 32914, 33037, 33124, 33259, 33316, 33409, 33460, 33583, 33670, 33727, 33802, 33853, 33928, 33979, 34048, 34105, 34180, 34249, 34306, 34381, 34474, 34561, 34618, 34699, 34750, 34801, 34882, 34939, 35002, 35059, 35110, 35209, 35284, 35335, 35422, 35473, 35530, 35617, 35764, 35875, 35968, 36055, 36118, 36187, 36268, 36325, 36400, 36457, 36520, 36583, 36682, 36733, 36820, 36901, 36994, 37093, 37144, 37267, 37426, 37519, 37570, 37627, 37690, 37747, 37816, 37873, 37930, 37993, 38068, 38167, 38224, 38323, 38392, 38455, 38506, 38605, 38668, 38749, 38830, 38887, 38956, 39043, 39106, 39253, 39328, 39409, 39472, 39547, 39634, 39691, 39808, 39859, 39922, 39979, 40048, 40099, 40180, 40267, 40336, 40387, 40456, 40513, 40612, 40729, 40798, 40867, 40972, 41047, 41170, 41239, 41290, 41353, 41428, 41491, 41560, 41641, 41734, 41809, 41884, 41947, 42028, 42085, 42142, 42247, 42328, 42385, 42484, 42553, 42622, 42673, 42760, 42817, 42868, 42967, 43018, 43099, 43228, 43291, 43366, 43453, 43510, 43573, 43636, 43735, 43792, 43855, 43942, 44095, 44152, 44233, 44284, 44401, 44452, 44515, 44572, 44623, 44698, 44749, 44806, 44923, 44980, 45037, 45094, 45157, 45256, 45319, 45382, 45445, 45514, 45589, 45652, 45709, 45796, 45859, 45916, 45997, 46174, 46261, 46420, 46495, 46564, 46615, 46666, 46735, 46792, 46885, 46960, 47047, 47116, 47197, 47254, 47305, 47398, 47509, 47572, 47641, 47692, 47743, 47812, 47905, 47962, 48037, 48094, 48193, 48292, 48355, 48418, 48505, 48562, 48643, 48802, 48919, 49006, 49087, 49168, 49219, 49276, 49327, 49396, 49471, 49534, 49633, 49702, 49795, 49864, 49945, 50014, 50071, 50122, 50185, 50272, 50383, 50464, 50515, 50584, 50665, 50758, 50815, 50872, 50953, 51004, 51055, 51148, 51205, 51298, 51349, 51424, 51517, 51634, 51709, 51862, 51925, 51988, 52087, 52150, 52213, 52288, 52369, 52444, 52507, 52570, 52699, 52774, 52855, 52912, 53005, 53092, 53155, 53260, 53335, 53452, 53503, 53632, 53689, 53806, 53857, 53938, 54049, 54100, 54175, 54232, 54289, 54358, 54409, 54598, 54721, 54814, 54937, 54994, 55045, 55156, 55231, 55312, 55453, 55510, 55561, 55642, 55741, 55834, 55903, 56002, 56113, 56176, 56233, 56308, 56395, 56452, 56539, 56602, 56737, 56884, 56941, 56992]"
1733676584,50,0.1,0.7,0.0009632427542875,0.000989284960732,0.1746672045179507,0.1754915200729607,0.4925373134328358,0.5019555571145448,0.1637466349160202,0.1640181559553793,0.4927960941174625,0.5012205366315753,"[169, 340, 907, 970, 1135, 1624, 1729, 1984, 2179, 2398, 2581, 2854, 3775, 4066, 4315, 4468, 4543, 4750, 5077, 5662, 6031, 6088, 6301, 6496, 6673, 6742, 6889, 7306, 7579, 7672, 7831, 8116, 8485, 8740, 8983, 9178, 9265, 9484, 9925, 10336, 10459, 10594, 10651, 10852, 10903, 10984, 11071, 11194, 11641, 11902, 12121, 12286, 12397, 12544, 12601, 13048, 13141, 13390, 13477, 13690, 13879, 13972, 14323, 14380, 14569, 14890, 14953, 15070, 15139, 15220, 15289, 15418, 15655, 15742, 15793, 15898, 16003, 16174, 16273, 16480, 16549, 16696, 17263, 17338, 17449, 17962, 18019, 18112, 18199, 18310, 18409, 18574, 18655, 18712, 18781, 19030, 19159, 19258, 19453, 19702, 19813, 20056, 20167, 20230, 20287, 20356, 20647, 20794, 20983, 21148, 21199, 21430, 21493, 21664, 21787, 22006, 22147, 22264, 22387, 22456, 22537, 22774, 22963, 23056, 23125, 23176, 23287, 23638, 23707, 23824, 24115, 24238, 24475, 24784, 24883, 24952, 25225, 25558, 25675, 25858, 26083, 26218, 26335, 26422, 26605, 26734, 27067, 27124, 27217, 27292, 27391, 27532, 27703, 27802, 27859, 28222, 28351, 28504, 28813, 29044, 29119, 29230, 29287, 29422, 29881, 29974, 30127, 30340, 30397, 30472, 30685, 30934, 31303, 31666, 31759, 31858, 31951, 32134, 32299, 32350, 32461, 32536, 32659, 32956, 33169, 33604, 33655, 33730, 33901, 33988, 34057, 34126, 34183, 34624, 34753, 34834, 34921, 35446, 35617, 35740, 35791, 36010, 36121, 36460, 36529, 36586, 37009, 37066, 37333, 37444, 37519, 37648, 38011, 38068, 38179, 38338, 38893, 39016, 39151, 39580, 39823, 39886, 39955, 40192, 40267, 40354, 40579, 40660, 40909, 40972, 41287, 41560, 41647, 41848, 42169, 42250, 42391, 42484, 42559, 42754, 42847, 42988, 43051, 43234, 43297, 43366, 43453, 43582, 43855, 44104, 44185, 44332, 44401, 44698, 44749, 44812, 45079, 45136, 45301, 45352, 45859, 46174, 46459, 46654, 46711, 46834, 47059, 47590, 47641, 47692, 47827, 47950, 48091, 48292, 48355, 48418, 48583, 48904, 49171, 49246, 49297, 49372, 49471, 49534, 49633, 49864, 50107, 50272, 50389, 50512, 50617, 50764, 50959, 51238, 51517, 52150, 52399, 52468, 52561, 52708, 52777, 52828, 53059, 53290, 53413, 53554, 53623, 53686, 53803, 54046, 54241, 54598, 54721, 54820, 55033, 55192, 55351, 55408, 55501, 55570, 55669, 55906, 55963, 56086, 56233, 56476, 56563, 56698, 56773, 56956]"
1733676639,50,0.1,0.8,0.0094182436817089,0.0094142974902222,0.1746672045179507,0.1754915200729607,0.5513969517863093,0.5520634196818492,0.1637466349160202,0.1640181559553793,0.5426755369544336,0.5432422700080514,"[4543, 8740, 9415, 9694, 10273, 12286, 12601, 13654, 13879, 14320, 14569, 14890, 15739, 16174, 17749, 18652, 18787, 19162, 19723, 20566, 20983, 22552, 24115, 24238, 24547, 26872, 27535, 27700, 28543, 29128, 30463, 38116, 42559, 43366, 44317, 44812, 45301, 46180, 48643, 55906]"
1733676699,50,0.5,0.6,0.0012655609829706,0.001291438733433,0.1746672045179507,0.1754915200729607,0.5100408650051739,0.517722784432713,0.1637466349160202,0.1640181559553793,0.5082548346374561,0.5151862097809182,"[439, 1140, 1243, 1320, 1397, 1630, 1681, 1732, 1783, 1964, 2457, 2534, 2871, 2974, 3051, 3180, 3231, 3984, 4919, 5100, 5255, 5462, 5825, 5902, 6083, 6784, 6887, 6964, 7587, 7690, 7923, 8000, 8051, 8310, 8543, 8594, 8645, 8748, 8825, 8876, 9187, 9264, 9549, 10120, 10925, 11158, 11313, 11650, 11727, 11778, 12297, 12400, 12607, 12658, 12813, 12890, 13123, 13330, 13667, 14498, 14575, 14678, 14911, 15430, 15715, 15922, 15999, 16050, 16439, 16776, 17347, 17632, 17683, 17838, 17993, 18096, 18329, 18458, 19133, 19210, 19651, 19728, 19831, 20012, 20063, 20244, 20399, 20450, 20943, 20994, 21253, 21512, 21563, 21900, 22159, 22262, 22469, 22572, 22883, 23012, 23219, 23452, 23659, 23710, 24385, 24514, 24565, 24616, 24667, 24744, 24925, 24976, 25209, 25312, 25571, 25960, 26401, 26504, 26555, 26606, 26683, 27046, 27227, 27590, 27693, 27978, 28107, 28288, 28547, 28962, 29143, 29480, 29765, 29894, 29971, 30074, 30151, 30228, 30279, 30330, 30485, 31030, 31315, 31964, 32353, 32404, 32871, 33286, 33389, 33440, 33491, 33594, 33645, 33800, 33851, 34032, 34161, 34368, 34757, 34912, 34989, 35404, 35455, 35662, 35973, 36284, 36543, 36646, 37165, 37242, 37449, 37500, 37941, 38070, 38303, 38770, 39055, 39600, 39807, 39988, 40065, 40220, 40375, 40920, 40971, 41256, 41359, 41410, 41565, 41642, 41719, 41978, 42393, 42522, 42573, 42936, 42987, 43116, 43375, 43426, 43581, 44074, 44203, 44280, 44331, 44590, 44823, 45160, 45211, 45496, 45651, 45702, 45831, 46194, 46843, 46972, 47075, 47516, 47645, 47722, 47955, 48006, 48057, 48264, 48393, 48444, 48703, 49092, 49195, 49428, 49973, 50102, 50179, 50386, 50541, 50722, 50773, 51032, 51265, 51524, 51757, 51912, 52223, 52300, 52715, 53260, 53311, 53388, 53543, 54010, 54087, 54450, 54631, 54708, 54785, 54992, 55251, 55302, 55353, 55404, 55897, 56052, 56467, 56778, 56829]"
1733676749,50,0.5,0.7,0.0123636018007079,0.0123624702762673,0.1746672045179507,0.1754915200729607,0.5579388603398986,0.5587280986372486,0.1637466349160202,0.1640181559553793,0.5475632054595587,0.5481588267299846,"[1141, 1192, 1243, 1398, 3269, 4178, 8779, 10156, 11325, 19098, 19279, 19824, 20109, 24658, 24735, 25566, 25721, 27722, 28553, 28864, 29539, 32866, 41393, 41548, 42509, 45472, 49397, 50410, 55349, 55400, 56777]"
1733676801,50,0.5,0.8,0.3635056211305399,0.3068383113808162,0.1746672045179507,0.1754915200729607,0.5381728256484908,0.4823298314537769,0.1637466349160202,0.1640181559553793,0.5250060947471101,0.4709387597160369,[1141]
1733676853,50,1.0,0.6,0.0036440800077857,0.0036652295307866,0.1746672045179507,0.1754915200729607,0.5463633653121,0.5493449322131996,0.1637466349160202,0.1640181559553793,0.540528713875749,0.543098008620987,"[1171, 1222, 1324, 2446, 3466, 3772, 3874, 3976, 4078, 4129, 4537, 4996, 5659, 5710, 6322, 6373, 6934, 7699, 9280, 10504, 10555, 11320, 11371, 12085, 12595, 14431, 14584, 14890, 14992, 15502, 15553, 17083, 18511, 18664, 20092, 20194, 20245, 20296, 20449, 20602, 21265, 24274, 24427, 24631, 24733, 24835, 25498, 25600, 25651, 25855, 26059, 26773, 28456, 28609, 28966, 29017, 29119, 29170, 30037, 30292, 31057, 32944, 34219, 34627, 35596, 35749, 36565, 38044, 38095, 38197, 38809, 38911, 38962, 40237, 41308, 42532, 42940, 43399, 43450, 43654, 44368, 45235, 45592, 45847, 46153, 46918, 47530, 48142, 48601, 49111, 49417, 49723, 49774, 50233, 50284, 51559, 52987, 53497, 54109, 54262, 54313, 54466]"
1733676903,50,1.0,0.7,0.063174141045653,0.062981216128523,0.1746672045179507,0.1754915200729607,0.5537120507918691,0.5533788168440992,0.1637466349160202,0.1640181559553793,0.541099858570004,0.5406204472489992,"[1222, 14839, 14890, 20194, 35749, 54109]"
1733677004,125,0.1,0.6,0.0011329467040044,0.0011549917860754,0.1746672045179507,0.1754915200729607,0.5009558552712349,0.5081291544627041,0.1637466349160202,0.1640181559553793,0.5007476055014352,0.50702383340811,"[235, 389, 557, 739, 907, 1131, 1369, 1663, 1803, 1957, 2125, 2251, 2447, 2615, 2755, 3049, 3175, 3357, 3497, 3777, 3959, 4113, 4239, 4449, 4729, 4953, 5233, 5471, 5681, 5807, 5933, 6059, 6311, 6703, 6871, 6997, 7165, 7445, 7627, 7781, 8005, 8201, 8411, 8537, 8663, 8789, 9167, 9545, 9741, 9895, 10077, 10231, 10413, 10567, 10903, 11267, 11645, 11995, 12289, 12569, 12751, 12877, 13017, 13255, 13479, 13661, 13787, 13941, 14221, 14361, 14571, 14767, 14893, 15159, 15299, 15579, 15747, 15985, 16167, 16335, 16517, 16671, 16979, 17147, 17315, 17511, 17637, 17973, 18113, 18323, 18449, 18743, 18953, 19163, 19345, 19821, 20003, 20171, 20325, 20633, 20773, 20899, 21039, 21207, 21403, 21809, 22005, 22425, 22565, 22775, 22999, 23181, 23433, 23601, 23839, 24119, 24245, 24399, 24525, 24665, 24861, 25141, 25309, 25449, 25617, 25785, 25925, 26093, 26219, 26499, 26653, 26877, 27017, 27171, 27395, 27577, 27703, 28039, 28179, 28445, 28599, 28739, 28865, 29047, 29229, 29425, 29579, 29775, 29929, 30209, 30433, 30741, 30895, 31175, 31315, 31819, 31959, 32085, 32225, 32463, 32603, 32855, 33289, 33597, 33737, 33919, 34059, 34311, 34563, 34759, 34941, 35095, 35249, 35459, 35613, 35795, 36005, 36271, 36467, 36747, 36957, 37153, 37419, 37573, 37741, 37895, 38063, 38231, 38749, 39113, 39589, 39715, 39967, 40121, 40359, 40527, 41031, 41255, 41395, 41535, 41675, 41829, 42109, 42235, 42389, 42515, 42669, 42795, 43061, 43243, 43369, 43565, 43803, 44069, 44293, 44489, 44643, 44811, 44937, 45203, 45385, 45595, 45721, 45917, 46169, 46421, 46673, 46841, 46967, 47205, 47331, 47555, 47723, 47863, 48003, 48213, 48395, 48563, 48689, 48913, 49039, 49179, 49347, 49473, 49613, 49767, 49907, 50131, 50271, 50397, 50523, 50677, 50901, 51055, 51195, 51335, 51517, 51713, 51867, 52063, 52245, 52455, 52637, 52777, 52959, 53169, 53295, 53491, 53813, 53981, 54205, 54359, 54499, 54639, 54807, 55241, 55395, 55521, 55675, 55801, 55927, 56095, 56235, 56403, 56529, 56711, 56837, 56963]"
1733677054,125,0.1,0.7,0.0061707221631052,0.0061773350887296,0.1746672045179507,0.1754915200729607,0.5510812564673694,0.5523089604854693,0.1637466349160202,0.1640181559553793,0.5437434347302966,0.544671885033375,"[837, 2153, 2447, 2755, 3777, 5471, 5709, 10903, 11309, 13661, 15341, 15747, 16741, 17147, 17343, 22579, 24525, 24889, 25197, 25687, 26233, 27073, 28543, 28767, 29117, 29887, 32855, 34311, 34661, 35543, 36271, 36649, 37111, 37657, 38063, 38231, 39155, 40051, 41535, 41675, 42109, 42487, 43369, 43593, 43803, 44811, 45595, 46183, 47877, 48003, 48395, 49179, 49473, 50299, 50523, 51867, 53169, 53981, 54359, 54821, 56529]"
1733677108,125,0.1,0.8,0.1166084968810471,0.1145038614214474,0.1746672045179507,0.1754915200729607,0.5244926951610923,0.5190031043373029,0.1637466349160202,0.1640181559553793,0.5136901320378011,0.5077819467635506,"[24889, 28543, 51867]"
1733677162,125,0.5,0.6,0.0127377214982665,0.0127347983934615,0.1746672045179507,0.1754915200729607,0.5567988494659487,0.5575354718768086,0.1637466349160202,0.1640181559553793,0.5486221161482864,0.5490927448610631,"[4411, 10169, 11703, 14453, 15347, 15537, 20015, 20845, 22571, 24745, 25511, 26789, 27107, 30049, 33951, 35293, 37019, 37145, 38103, 42965, 45651, 48209, 50575, 50765, 52235, 52681, 53639, 54533, 54851, 56705]"
1733677314,125,1.0,0.6,0.0476020309732185,0.0474682989283897,0.1746672045179507,0.1754915200729607,0.5554834523036989,0.555237911500079,0.1637466349160202,0.1640181559553793,0.5446338615693292,0.5443201431423527,"[1258, 1384, 5920, 7810, 25576, 39058, 42838, 54052]"
1733677464,250,0.1,0.6,0.0035708988853775,0.0035904808496052,0.1746672045179507,0.1754915200729607,0.5424697897118403,0.5453110475823,0.1637466349160202,0.1640181559553793,0.5369928138940883,0.539555764808728,"[873, 1150, 1427, 1678, 1955, 3090, 3367, 4372, 5715, 6148, 6763, 7456, 8253, 8530, 8781, 9266, 9699, 10340, 11267, 11648, 12003, 12306, 12635, 13094, 13709, 14090, 15355, 15632, 16091, 19202, 19739, 20016, 20345, 21220, 21497, 22528, 22909, 24486, 24737, 25222, 25655, 26244, 27197, 27578, 28063, 28548, 28851, 29336, 29769, 30488, 30921, 31328, 31761, 32220, 32757, 33424, 34325, 34810, 35399, 36014, 36291, 36542, 37027, 37278, 38023, 38508, 38759, 39166, 39599, 40058, 41011, 41288, 41643, 42128, 42483, 42812, 43531, 43886, 44293, 44596, 45653, 45982, 46623, 47056, 47879, 48182, 48459, 48710, 49559, 50018, 50529, 50988, 51967, 52218, 53015, 53266, 53699, 53950, 54487, 55180, 55873, 56410, 56713]"
1733677515,250,0.1,0.7,0.1188826724193369,0.117923894043297,0.1746672045179507,0.1754915200729607,0.5313152217759616,0.5292632022028518,0.1637466349160202,0.1640181559553793,0.5221240811093878,0.5167256784408215,"[19827, 27722, 31327]"
1733677620,250,0.5,0.6,0.1771313818685655,0.1770963046109055,0.1746672045179507,0.1754915200729607,0.5289299682550819,0.5296841292947717,0.1637466349160202,0.1640181559553793,0.5171040897462275,0.5153180986451419,"[1257, 20030]"
1733677771,250,1.0,0.6,0.3558412403318308,0.3463703807636318,0.1746672045179507,0.1754915200729607,0.5305084448497817,0.5218619008365926,0.1637466349160202,0.1640181559553793,0.5177388971607552,0.5108762310095551,[6022]
1733677920,500,0.1,0.6,0.0184339340731294,0.0184172306171008,0.1746672045179507,0.1754915200729607,0.5617798200536682,0.5622533630320782,0.1637466349160202,0.1640181559553793,0.5514136686206316,0.5517771443126378,"[1162, 7477, 8131, 10927, 14845, 16111, 17275, 19306, 20266, 21430, 22594, 24676, 25534, 27616, 31228, 37186, 41308, 43543, 45370, 50767, 54124]"
1733677970,500,0.1,0.7,0.3589105003770805,0.3072241612150762,0.1746672045179507,0.1754915200729607,0.5335777048950313,0.4827156812880369,0.1637466349160202,0.1640181559553793,0.5199684312513105,0.4713929602568736,[1213]
1733678073,500,0.5,0.6,0.1783853938299103,0.1736675026746409,0.1746672045179507,0.1754915200729607,0.5314379921777715,0.5228265254222425,0.1637466349160202,0.1640181559553793,0.5177116613749454,0.5108203498662461,"[1503, 6020]"
1733678221,500,1.0,0.6,0.36276899871968,0.308785099180946,0.1746672045179507,0.1754915200729607,0.5374362032376309,0.4842766192539067,0.1637466349160202,0.1640181559553793,0.524554719055437,0.4730434945006777,[1501]
1733678369,50,0.1,0.6,0.0003413742396319,0.0003719373354412,0.1746672045179507,0.1754915200729607,0.4173842888962941,0.4399389655716716,0.1637466349160202,0.1640181559553793,0.4196198789035268,0.4411296754496026,"[91, 142, 229, 382, 451, 574, 685, 754, 817, 874, 949, 1006, 1063, 1126, 1195, 1270, 1363, 1426, 1495, 1564, 1633, 1744, 1837, 1966, 2017, 2092, 2149, 2218, 2293, 2398, 2449, 2572, 2689, 2740, 2815, 2866, 2965, 3034, 3085, 3160, 3211, 3304, 3355, 3448, 3517, 3568, 3667, 3850, 3931, 4036, 4159, 4210, 4291, 4366, 4417, 4468, 4543, 4654, 4723, 4774, 4825, 4894, 4945, 4996, 5167, 5230, 5335, 5404, 5467, 5614, 5677, 5764, 5827, 5890, 6031, 6088, 6235, 6304, 6445, 6496, 6607, 6694, 6745, 7030, 7093, 7210, 7273, 7378, 7435, 7576, 7657, 7720, 7789, 7906, 8035, 8116, 8185, 8290, 8383, 8518, 8611, 8662, 8773, 8842, 8917, 8986, 9043, 9142, 9265, 9352, 9415, 9484, 9541, 9628, 9721, 9850, 9925, 9994, 10069, 10126, 10225, 10294, 10411, 10462, 10525, 10594, 10651, 10708, 10801, 10852, 10933, 10984, 11071, 11140, 11191, 11248, 11311, 11380, 11467, 11638, 11713, 11776, 11887, 11986, 12073, 12250, 12391, 12544, 12601, 12670, 12733, 12844, 12895, 13018, 13069, 13132, 13201, 13258, 13339, 13390, 13453, 13558, 13621, 13684, 13759, 13816, 13879, 13972, 14071, 14122, 14215, 14308, 14443, 14494, 14563, 14662, 14713, 14794, 14881, 14950, 15001, 15070, 15139, 15214, 15289, 15376, 15427, 15580, 15643, 15736, 15793, 15898, 15979, 16156, 16255, 16324, 16429, 16480, 16549, 16612, 16663, 16726, 16801, 16870, 16945, 17002, 17077, 17140, 17263, 17332, 17407, 17458, 17521, 17602, 17665, 17764, 17863, 17920, 18019, 18100, 18163, 18280, 18331, 18412, 18475, 18562, 18631, 18706, 18781, 18946, 18997, 19048, 19129, 19192, 19303, 19414, 19489, 19540, 19603, 19660, 19723, 19810, 19987, 20044, 20149, 20224, 20275, 20350, 20413, 20464, 20521, 20572, 20647, 20716, 20773, 20866, 20983, 21136, 21199, 21286, 21337, 21400, 21493, 21544, 21601, 21664, 21745, 21922, 21985, 22066, 22141, 22210, 22261, 22384, 22537, 22648, 22705, 22774, 22831, 22900, 23053, 23128, 23209, 23272, 23365, 23446, 23551, 23674, 23743, 23824, 23911, 24004, 24079, 24196, 24283, 24388, 24439, 24520, 24577, 24694, 24793, 24862, 24919, 24976, 25039, 25144, 25225, 25282, 25333, 25426, 25501, 25558, 25615, 25672, 25765, 25822, 25921, 25990, 26065, 26152, 26209, 26296, 26395, 26506, 26569, 26632, 26743, 26794, 26881, 26986, 27067, 27124, 27217, 27292, 27373, 27448, 27529, 27580, 27703, 27802, 27859, 27916, 27967, 28018, 28093, 28174, 28285, 28342, 28417, 28504, 28663, 28720, 28777, 28846, 28921, 29032, 29113, 29176, 29263, 29326, 29419, 29476, 29527, 29578, 29653, 29710, 29773, 29836, 29899, 29974, 30061, 30124, 30199, 30256, 30307, 30466, 30535, 30718, 30787, 30868, 30931, 31006, 31117, 31174, 31303, 31420, 31471, 31552, 31627, 31678, 31759, 31816, 31945, 31996, 32059, 32134, 32185, 32272, 32365, 32422, 32533, 32596, 32659, 32722, 32785, 32848, 32905, 32956, 33019, 33082, 33169, 33262, 33319, 33376, 33439, 33538, 33589, 33652, 33727, 33802, 33877, 33928, 33979, 34048, 34141, 34192, 34255, 34306, 34381, 34474, 34561, 34624, 34699, 34750, 34801, 34882, 34939, 35002, 35059, 35116, 35209, 35284, 35335, 35422, 35473, 35530, 35611, 35740, 35791, 35866, 35947, 36010, 36073, 36172, 36235, 36292, 36367, 36460, 36511, 36568, 36649, 36742, 36817, 36898, 36949, 37012, 37093, 37144, 37261, 37354, 37411, 37546, 37627, 37690, 37747, 37852, 37915, 38062, 38113, 38164, 38227, 38332, 38455, 38548, 38605, 38764, 38869, 38956, 39085, 39148, 39253, 39328, 39463, 39562, 39625, 39682, 39799, 39868, 39955, 40048, 40099, 40192, 40267, 40336, 40399, 40456, 40513, 40624, 40693, 40756, 40867, 40954, 41005, 41062, 41113, 41182, 41269, 41380, 41437, 41494, 41557, 41626, 41689, 41746, 41815, 41884, 41947, 42058, 42121, 42202, 42259, 42334, 42391, 42484, 42553, 42652, 42703, 42754, 42847, 42988, 43039, 43096, 43147, 43228, 43291, 43366, 43429, 43510, 43573, 43636, 43735, 43798, 43855, 43942, 44059, 44116, 44185, 44284, 44365, 44452, 44515, 44698, 44749, 44806, 44923, 44980, 45037, 45094, 45157, 45256, 45319, 45370, 45427, 45478, 45529, 45592, 45697, 45862, 45955, 46018, 46111, 46174, 46261, 46414, 46495, 46582, 46711, 46792, 46885, 47056, 47143, 47206, 47275, 47398, 47509, 47572, 47629, 47692, 47743, 47818, 47905, 47962, 48079, 48292, 48355, 48418, 48475, 48562, 48643, 48802, 48943, 49030, 49111, 49168, 49219, 49276, 49363, 49432, 49531, 49636, 49699, 49750, 49867, 50014, 50107, 50236, 50293, 50464, 50515, 50608, 50665, 50746, 50803, 50884, 50959, 51076, 51133, 51220, 51325, 51394, 51505, 51688, 51799, 51862, 51925, 51976, 52033, 52096, 52147, 52222, 52291, 52366, 52429, 52492, 52561, 52672, 52747, 52810, 52891, 52942, 53011, 53080, 53143, 53218, 53299, 53362, 53413, 53464, 53551, 53632, 53689, 53806, 53857, 53938, 54019, 54088, 54199, 54262, 54313, 54424, 54475, 54598, 54721, 54796, 54847, 54916, 54973, 55078, 55147, 55228, 55291, 55408, 55465, 55570, 55621, 55720, 55771, 55834, 55891, 56002, 56089, 56140, 56233, 56320, 56377, 56470, 56563, 56698, 56755, 56914, 57001]"
1733678420,50,0.1,0.7,0.0010338738814173,0.0010635763979843,0.1746672045179507,0.1754915200729607,0.4951681077573355,0.5052002034480945,0.1637466349160202,0.1640181559553793,0.494784266483492,0.5040526071980157,"[91, 244, 337, 604, 1243, 1360, 1657, 1768, 2101, 2152, 2329, 2854, 3169, 4066, 4315, 4468, 4543, 4750, 4867, 4966, 5269, 5404, 5467, 5674, 6307, 6886, 6967, 7672, 7723, 7828, 7885, 8392, 8485, 8632, 8773, 8842, 9043, 9178, 9415, 9538, 9775, 9994, 10105, 10174, 10309, 10462, 10525, 10600, 10651, 10720, 10885, 11086, 11311, 11674, 11815, 11986, 12079, 12286, 12397, 12706, 12925, 13480, 13573, 13654, 13705, 13828, 13879, 14170, 14323, 14440, 14575, 14644, 14797, 14980, 15067, 15742, 16003, 16174, 16273, 16420, 16549, 16630, 16873, 17038, 17263, 17530, 17605, 17962, 18019, 18370, 18517, 18574, 18655, 18778, 18907, 19162, 19453, 19810, 20233, 20356, 20527, 20692, 20773, 20896, 20983, 21148, 21199, 21832, 21985, 22108, 22183, 22264, 22387, 22456, 22537, 22840, 23053, 23128, 23209, 23446, 23569, 23674, 23911, 24238, 24391, 24736, 24793, 24886, 25285, 25678, 25837, 26020, 26167, 26218, 26395, 26578, 26881, 27124, 27427, 27532, 27703, 28234, 28351, 28540, 28675, 28846, 29047, 29116, 29269, 29338, 29431, 29530, 30127, 30328, 30469, 30748, 30841, 30934, 31207, 31258, 31309, 31546, 31759, 31846, 31951, 32056, 32461, 32536, 32659, 32848, 33169, 33382, 33589, 33814, 34105, 34270, 34477, 34624, 34753, 34834, 35017, 35308, 35455, 35740, 35791, 35968, 36121, 36268, 36511, 36682, 36733, 37012, 37093, 37648, 38119, 38224, 38497, 38608, 38935, 39016, 39151, 39328, 39883, 40102, 40315, 40384, 40483, 40660, 40981, 41170, 41287, 41428, 41491, 41560, 41647, 42058, 42277, 42484, 42559, 42754, 42859, 43126, 43237, 43366, 43519, 43582, 43645, 43696, 43879, 44116, 44185, 44314, 44401, 44698, 44749, 45106, 45301, 45352, 45709, 46174, 46495, 46654, 46885, 47056, 47197, 47398, 47503, 47578, 47701, 47824, 47905, 48004, 48241, 49030, 49171, 49246, 49399, 49468, 49531, 49606, 49729, 49864, 50161, 50272, 50389, 50464, 50665, 50872, 50959, 51238, 51331, 51502, 51577, 51958, 52105, 52222, 52309, 52372, 52429, 52708, 52777, 52954, 53005, 53164, 53299, 53722, 53803, 53980, 54241, 54358, 54409, 54598, 54721, 54814, 54937, 55078, 55231, 55318, 55465, 55570, 55669, 55906, 56113, 56176, 56233, 56476, 56599, 56698, 56755, 56914]"
1733678476,50,0.1,0.8,0.0067952791022226,0.0067918340144167,0.1746672045179507,0.1754915200729607,0.5552028342424189,0.5558342248802989,0.1637466349160202,0.1640181559553793,0.5485050397734987,0.5489021278647023,"[451, 2002, 3169, 5806, 6673, 9694, 10309, 11314, 12601, 13558, 14569, 15580, 15655, 17140, 18787, 19162, 20983, 22006, 22147, 22264, 24793, 24886, 25225, 26020, 26215, 27700, 28447, 28546, 28813, 29032, 29269, 29578, 30469, 35422, 35617, 36010, 37009, 37894, 40051, 40660, 42667, 43270, 44317, 44698, 46495, 49468, 50665, 51502, 52153, 52468, 53095, 53722, 54355, 55570, 56113, 56524]"
1733678535,50,0.5,0.6,0.0013019531549365,0.0013337547153831,0.1746672045179507,0.1754915200729607,0.509269165336654,0.518266481926443,0.1637466349160202,0.1640181559553793,0.5072559553956203,0.5154994921364476,"[153, 308, 437, 488, 1137, 1214, 1317, 1394, 1601, 1678, 1807, 1962, 2325, 2480, 2531, 3024, 3101, 3360, 3515, 3566, 4527, 5722, 5903, 6084, 6135, 6706, 6835, 6886, 7067, 7170, 7845, 7948, 7999, 8050, 8309, 8542, 8801, 9268, 9943, 10150, 10383, 10486, 10953, 11342, 11523, 11652, 11807, 12404, 13027, 13286, 13571, 13674, 13725, 14140, 14425, 14580, 14761, 14864, 15149, 15486, 15615, 15926, 15977, 16184, 17405, 17768, 18339, 18494, 18597, 18752, 18803, 18854, 19139, 19268, 19319, 19734, 20279, 20356, 20407, 20796, 21419, 21548, 22119, 22586, 22845, 22896, 23051, 23128, 23205, 23256, 23359, 23462, 23643, 23928, 24343, 24394, 24575, 24626, 24729, 24910, 25143, 25220, 25349, 25556, 25685, 25840, 26021, 26124, 26201, 26278, 26355, 26406, 26509, 26560, 26611, 26896, 26947, 27102, 27231, 27542, 27593, 27722, 27773, 27980, 28109, 28342, 28419, 28522, 28833, 28962, 29039, 29168, 29765, 29842, 29919, 30230, 30385, 30488, 30695, 30798, 31031, 31316, 31393, 32354, 32431, 32690, 32975, 33052, 33181, 33596, 33673, 33750, 33827, 33930, 33981, 34032, 34161, 34368, 34601, 34730, 34911, 35222, 35403, 36286, 36415, 36648, 37193, 37244, 37451, 37788, 37969, 38124, 38357, 38590, 38771, 38822, 39159, 39236, 39313, 39494, 39597, 39986, 40063, 40140, 40373, 40710, 40995, 41358, 41565, 42266, 42499, 42836, 43251, 43432, 43665, 43716, 43871, 44000, 44077, 44284, 44335, 44412, 44697, 44826, 45163, 45214, 45421, 45472, 45601, 45756, 45807, 45936, 45987, 46194, 46427, 46738, 46841, 47516, 48009, 48112, 48189, 48318, 48707, 49044, 49199, 49354, 49457, 49690, 50729, 51144, 51455, 51532, 51609, 51920, 52101, 52308, 52723, 52878, 53163, 53266, 53317, 53420, 53757, 53912, 54093, 54430, 54507, 54740, 54869, 54946, 55205, 55334, 55437, 55514, 56345, 56708, 56785]"
1733678585,50,0.5,0.7,0.0192845993300243,0.0192635529754283,0.1746672045179507,0.1754915200729607,0.5603591911184383,0.5607625795815283,0.1637466349160202,0.1640181559553793,0.5491625301472848,0.549476820425741,"[1141, 8784, 13749, 15308, 19051, 20246, 21415, 24664, 30487, 32618, 37453, 37972, 38179, 42520, 43377, 45482, 45611, 48106, 48703, 54292]"
1733678689,50,1.0,0.6,0.0035548295120001,0.0035738714518727,0.1746672045179507,0.1754915200729607,0.5479243032779697,0.5507480225195994,0.1637466349160202,0.1640181559553793,0.5414176034115307,0.5440278520005792,"[202, 1171, 1222, 1987, 4129, 4486, 4537, 4588, 5047, 5659, 5710, 6322, 7597, 9280, 10402, 10555, 11371, 11422, 12085, 12136, 14176, 14839, 14890, 14941, 15451, 15910, 16012, 16267, 16573, 16828, 17083, 17287, 18001, 18817, 19582, 20041, 20092, 21265, 21316, 23305, 24733, 24835, 24886, 25600, 25651, 25753, 26467, 26620, 26773, 27079, 27589, 27691, 27793, 28966, 29068, 29170, 29782, 29986, 30037, 30241, 30292, 31057, 31873, 33862, 34627, 35086, 35341, 35545, 37075, 37381, 37483, 37993, 38095, 38146, 40186, 40390, 41410, 42889, 43348, 43450, 43501, 43603, 45541, 45898, 47530, 47836, 48091, 48142, 49009, 49366, 50233, 50284, 51559, 51865, 52732, 52936, 53140, 53191, 53497, 54109, 54313, 54415, 54466, 55435, 56608]"
1733678740,50,1.0,0.7,0.3492291772629216,0.309118333128716,0.1746672045179507,0.1754915200729607,0.5238963817808724,0.4846098532016767,0.1637466349160202,0.1640181559553793,0.5132598058081771,0.4740307059738494,[48142]
1733678842,125,0.1,0.6,0.0011845855840448,0.0012054799794019,0.1746672045179507,0.1754915200729607,0.5027974112983847,0.509409474367294,0.1637466349160202,0.1640181559553793,0.5023849550795811,0.5080176571251293,"[151, 347, 557, 837, 1215, 1453, 1635, 1761, 2111, 2447, 2615, 2755, 2965, 3105, 3469, 3777, 3917, 4071, 4239, 4449, 4589, 4715, 4953, 5093, 5233, 5471, 5639, 5807, 5933, 6143, 6269, 6479, 6633, 6843, 6969, 7109, 7445, 7585, 7725, 8047, 8173, 8299, 8453, 8663, 8789, 9041, 9181, 9545, 9685, 9895, 10077, 10231, 10413, 10595, 10903, 11141, 11281, 11421, 11631, 11995, 12121, 12289, 12415, 12653, 12877, 13017, 13311, 13479, 13661, 13829, 13983, 14361, 14571, 14725, 14865, 15117, 15313, 15579, 15705, 15831, 15999, 16209, 16363, 16629, 17147, 17343, 17511, 17777, 17973, 18099, 18253, 18785, 18953, 19163, 19415, 19639, 20101, 20227, 20493, 20633, 20773, 20983, 21207, 21361, 21585, 22005, 22145, 22523, 22649, 22775, 22999, 23125, 23293, 23559, 24119, 24245, 24413, 24553, 24679, 24833, 25197, 25337, 25645, 25771, 25925, 26093, 26219, 26513, 26723, 26905, 27045, 27171, 27395, 27535, 27717, 27843, 28039, 28249, 28431, 28557, 28739, 28865, 29033, 29271, 29425, 29579, 29761, 29887, 30209, 30405, 30545, 30755, 30881, 31119, 31273, 31749, 31959, 32141, 32295, 32421, 32855, 33289, 33485, 33737, 33891, 34059, 34255, 34521, 34647, 34801, 35025, 35249, 35459, 35641, 35795, 35991, 36201, 36467, 36649, 37013, 37153, 37307, 37447, 37657, 37895, 38063, 38231, 38357, 38959, 39113, 39561, 39743, 39967, 40149, 40275, 40429, 40583, 40933, 41255, 41381, 41535, 41675, 41969, 42109, 42235, 42487, 42669, 42823, 43005, 43243, 43369, 43509, 43649, 43803, 44111, 44321, 44573, 44811, 44937, 45161, 45469, 45595, 45763, 45973, 46169, 46421, 46617, 47051, 47261, 47513, 47765, 47919, 48115, 48283, 48437, 48591, 48815, 49039, 49179, 49347, 49473, 49613, 49795, 49949, 50131, 50271, 50397, 50523, 50677, 50957, 51097, 51391, 51517, 51713, 51867, 52105, 52245, 52637, 53169, 53379, 53505, 53631, 53813, 53981, 54247, 54429, 54597, 54821, 55101, 55241, 55521, 55675, 55843, 56053, 56235, 56529, 56711]"
1733678892,125,0.1,0.7,0.0062316760862521,0.0062457644930171,0.1746672045179507,0.1754915200729607,0.5547994457793289,0.5564831541470088,0.1637466349160202,0.1640181559553793,0.5477672501241764,0.5491876309088392,"[1131, 1313, 5233, 5471, 5709, 9545, 10315, 10903, 11309, 13675, 13885, 15341, 15747, 16629, 17973, 19275, 19821, 20087, 20983, 21627, 22579, 23559, 24329, 24889, 27045, 27717, 28543, 28851, 29775, 29929, 30545, 32141, 33289, 33807, 34311, 34759, 39337, 39589, 40149, 40457, 41255, 41675, 42487, 42865, 43873, 44937, 45161, 46183, 48003, 48395, 49039, 49179, 49795, 50299, 50523, 50677, 51069, 51867, 53169, 54639, 55801]"
1733678945,125,0.1,0.8,0.1735184243295859,0.1703263938825262,0.1746672045179507,0.1754915200729607,0.5217040531771227,0.5161443078380132,0.1637466349160202,0.1640181559553793,0.5112214061912237,0.503532788023105,"[24889, 28543]"
1733679000,125,0.5,0.6,0.0124360193649092,0.012412823113876,0.1746672045179507,0.1754915200729607,0.5601838048301384,0.5602890366031184,0.1637466349160202,0.1640181559553793,0.5514635327324996,0.5512740167429029,"[1211, 3321, 4791, 8565, 9011, 11313, 14447, 16109, 20203, 20585, 22695, 23653, 24739, 25249, 28575, 31133, 32283, 33881, 35351, 37141, 38803, 41681, 42767, 42893, 44299, 46217, 47367, 47493, 49347, 50561, 54911]"
1733679151,125,1.0,0.6,0.0375396811477278,0.0374625111808758,0.1746672045179507,0.1754915200729607,0.5500640159952295,0.5501166318817194,0.1637466349160202,0.1640181559553793,0.5390373489990143,0.5390491804567273,"[1258, 5920, 7810, 24820, 25576, 33640, 42964, 43594, 44098, 46240]"
1733679301,250,0.1,0.6,0.0035957594660492,0.0036221525482691,0.1746672045179507,0.1754915200729607,0.5450304295210201,0.5485732325446797,0.1637466349160202,0.1640181559553793,0.5402638665916785,0.5435402695674901,"[405, 864, 1141, 1678, 2449, 3220, 3861, 4554, 5715, 6694, 7049, 7456, 8149, 8530, 8781, 9214, 9699, 9950, 10331, 10660, 11301, 13034, 13493, 13900, 14723, 15260, 15641, 16776, 17677, 17980, 18751, 19288, 19539, 20076, 20353, 21202, 21505, 22016, 22319, 22570, 22847, 23228, 24441, 24692, 24943, 25688, 26121, 26528, 27195, 27602, 28555, 28962, 29343, 29776, 30235, 31006, 31309, 31820, 32149, 32868, 33925, 36750, 37079, 37408, 37763, 38118, 38525, 39348, 39599, 40058, 40985, 41288, 41617, 42284, 42873, 43280, 43661, 43964, 44787, 45168, 45653, 46190, 46623, 47004, 47437, 47714, 47965, 48398, 49299, 49550, 49905, 50520, 50927, 51386, 52209, 52590, 53283, 53690, 54123, 54426, 55353, 55916, 56401]"
1733679352,250,0.1,0.7,0.1182454355718469,0.1133638505474975,0.1746672045179507,0.1754915200729607,0.5294035112334917,0.5155830717154533,0.1637466349160202,0.1640181559553793,0.5187499370692571,0.5034283230193365,"[1211, 31310, 55403]"
1733679456,250,0.5,0.6,0.063124448263968,0.062957831290083,0.1746672045179507,0.1754915200729607,0.5534138941017591,0.5532385078134592,0.1637466349160202,0.1640181559553793,0.5411863500567811,0.5409383917557853,"[1257, 5918, 6799, 20406, 24563, 35272]"
1733679607,250,1.0,0.6,0.18140203798867,0.154524089306698,0.1746672045179507,0.1754915200729607,0.5374712804952909,0.4845396986863567,0.1637466349160202,0.1640181559553793,0.5245656280430113,0.4732240771325442,"[1253, 1504]"
1733679756,500,0.1,0.6,0.0176924904374612,0.0176861127542503,0.1746672045179507,0.1754915200729607,0.563901994142098,0.5645860006664679,0.1637466349160202,0.1640181559553793,0.5536817384694147,0.5543517784994281,"[1162, 2122, 4102, 8275, 10918, 15346, 16102, 20275, 20827, 24388, 25654, 27991, 31348, 34756, 36277, 37186, 38095, 39157, 44299, 50767, 55348, 56512]"
1733679806,500,0.1,0.7,0.3587351140887805,0.3068733886384762,0.1746672045179507,0.1754915200729607,0.5334023186067314,0.4823649087114369,0.1637466349160202,0.1640181559553793,0.5200166308573059,0.471092921915921,[1264]
1733679909,500,0.5,0.6,0.3589631162635704,0.3068558500096462,0.1746672045179507,0.1754915200729607,0.5336303207815213,0.4823473700826069,0.1637466349160202,0.1640181559553793,0.5201567183288588,0.4710788585949393,[1252]
1733680057,500,1.0,0.6,0.36276899871968,0.308785099180946,0.1746672045179507,0.1754915200729607,0.5374362032376309,0.4842766192539067,0.1637466349160202,0.1640181559553793,0.524554719055437,0.4730434945006777,[1501]
1733680204,50,0.1,0.6,0.0003365224406755,0.0003653881006249,0.1746672045179507,0.1754915200729607,0.4169633618043741,0.4385709525229317,0.1637466349160202,0.1640181559553793,0.4196069330079214,0.4400001840564937,"[91, 142, 241, 328, 385, 436, 493, 550, 607, 700, 835, 928, 985, 1126, 1177, 1228, 1291, 1360, 1411, 1462, 1549, 1624, 1687, 1744, 1951, 2002, 2077, 2152, 2203, 2296, 2425, 2572, 2689, 2752, 2815, 2866, 2965, 3034, 3085, 3160, 3211, 3304, 3355, 3448, 3517, 3568, 3667, 3850, 3907, 4018, 4159, 4210, 4291, 4366, 4417, 4468, 4543, 4630, 4723, 4774, 4897, 4954, 5035, 5092, 5167, 5230, 5335, 5386, 5467, 5614, 5677, 5764, 5827, 5908, 5989, 6040, 6127, 6202, 6301, 6358, 6475, 6544, 6607, 6694, 6745, 6808, 6865, 7030, 7093, 7246, 7303, 7378, 7435, 7498, 7555, 7672, 7789, 7906, 7987, 8038, 8131, 8194, 8287, 8392, 8443, 8518, 8635, 8716, 8773, 8842, 8917, 8986, 9043, 9142, 9211, 9262, 9343, 9394, 9475, 9538, 9607, 9694, 9787, 9850, 9985, 10102, 10225, 10294, 10363, 10462, 10525, 10576, 10651, 10708, 10801, 10852, 10903, 10984, 11071, 11140, 11191, 11248, 11323, 11380, 11467, 11596, 11659, 11728, 11803, 11860, 11977, 12058, 12121, 12250, 12397, 12568, 12625, 12742, 12805, 12874, 12925, 13018, 13075, 13132, 13243, 13300, 13447, 13552, 13657, 13714, 13777, 13828, 13879, 13942, 14071, 14128, 14203, 14308, 14461, 14668, 14761, 14884, 14953, 15070, 15139, 15214, 15289, 15376, 15427, 15526, 15643, 15736, 15793, 15904, 15967, 16174, 16255, 16312, 16429, 16480, 16549, 16612, 16663, 16726, 16801, 16870, 16945, 17002, 17077, 17128, 17179, 17230, 17335, 17398, 17449, 17512, 17605, 17680, 17749, 17866, 17923, 18100, 18163, 18244, 18319, 18370, 18439, 18562, 18631, 18706, 18781, 18856, 18955, 19012, 19153, 19258, 19339, 19414, 19489, 19540, 19603, 19660, 19723, 19774, 19855, 19942, 20047, 20146, 20227, 20350, 20413, 20464, 20521, 20572, 20647, 20716, 20773, 20866, 20917, 20980, 21031, 21148, 21199, 21340, 21397, 21490, 21613, 21664, 21715, 21922, 21985, 22066, 22147, 22210, 22261, 22324, 22387, 22456, 22537, 22648, 22705, 22774, 22885, 22978, 23053, 23110, 23173, 23272, 23365, 23446, 23551, 23626, 23683, 23758, 23821, 23914, 23989, 24040, 24109, 24196, 24283, 24388, 24439, 24520, 24577, 24640, 24697, 24784, 24865, 24916, 24973, 25024, 25123, 25180, 25321, 25390, 25501, 25552, 25615, 25678, 25765, 25828, 25879, 25948, 26011, 26086, 26215, 26266, 26329, 26398, 26527, 26578, 26629, 26704, 26779, 26866, 26959, 27016, 27067, 27160, 27217, 27292, 27373, 27448, 27529, 27580, 27649, 27700, 27787, 27838, 27943, 28054, 28111, 28216, 28285, 28342, 28405, 28504, 28555, 28612, 28663, 28732, 28813, 28882, 28963, 29032, 29119, 29176, 29269, 29338, 29401, 29458, 29521, 29572, 29623, 29710, 29803, 29866, 29971, 30082, 30139, 30202, 30307, 30418, 30469, 30538, 30601, 30718, 30787, 30874, 30931, 31006, 31153, 31234, 31291, 31420, 31471, 31552, 31627, 31678, 31747, 31846, 31945, 31996, 32059, 32134, 32185, 32272, 32365, 32422, 32533, 32596, 32659, 32722, 32785, 32848, 33019, 33082, 33169, 33262, 33319, 33376, 33439, 33538, 33589, 33652, 33727, 33802, 33853, 33928, 33979, 34054, 34105, 34180, 34267, 34330, 34381, 34474, 34561, 34618, 34669, 34720, 34921, 35002, 35059, 35134, 35209, 35284, 35335, 35422, 35473, 35590, 35653, 35740, 35791, 35860, 35947, 36010, 36073, 36172, 36235, 36292, 36391, 36448, 36511, 36586, 36649, 36742, 36931, 37012, 37093, 37144, 37261, 37354, 37429, 37546, 37627, 37690, 37741, 37852, 37915, 38062, 38113, 38164, 38227, 38332, 38455, 38548, 38611, 38764, 38869, 39016, 39085, 39148, 39253, 39328, 39409, 39490, 39559, 39634, 39775, 39868, 39931, 39982, 40045, 40102, 40189, 40258, 40315, 40384, 40483, 40546, 40639, 40720, 40777, 40906, 40975, 41032, 41113, 41182, 41269, 41380, 41437, 41530, 41623, 41686, 41737, 41794, 41905, 41962, 42103, 42202, 42259, 42334, 42391, 42484, 42553, 42622, 42673, 42724, 42793, 42856, 42907, 42988, 43051, 43114, 43165, 43228, 43363, 43456, 43519, 43582, 43639, 43696, 43801, 43876, 44059, 44116, 44167, 44224, 44281, 44332, 44401, 44452, 44515, 44572, 44623, 44698, 44749, 44806, 44923, 44980, 45037, 45094, 45157, 45256, 45319, 45394, 45463, 45514, 45571, 45676, 45757, 45862, 45925, 45982, 46123, 46174, 46261, 46414, 46495, 46546, 46609, 46666, 46741, 46792, 46849, 46912, 46969, 47056, 47143, 47194, 47275, 47374, 47431, 47500, 47575, 47632, 47689, 47740, 47821, 47872, 47929, 47992, 48079, 48286, 48379, 48436, 48529, 48580, 48643, 48802, 48925, 49030, 49129, 49222, 49291, 49372, 49423, 49522, 49603, 49672, 49729, 49792, 49873, 50014, 50107, 50236, 50293, 50464, 50515, 50608, 50665, 50746, 50803, 50854, 50911, 50968, 51091, 51202, 51325, 51424, 51517, 51688, 51799, 51904, 51991, 52096, 52147, 52222, 52297, 52366, 52429, 52492, 52561, 52672, 52747, 52810, 52891, 52954, 53011, 53146, 53215, 53266, 53353, 53416, 53491, 53632, 53689, 53806, 53857, 53938, 54019, 54088, 54181, 54244, 54313, 54424, 54475, 54532, 54595, 54664, 54721, 54814, 54883, 54934, 55033, 55102, 55153, 55228, 55309, 55408, 55465, 55570, 55621, 55828, 55879, 55936, 56017, 56086, 56233, 56320, 56377, 56434, 56497, 56602, 56683, 56758, 56911, 56974]"
1733680255,50,0.1,0.7,0.0010358505927633,0.0010614536071968,0.1746672045179507,0.1754915200729607,0.4968167388673553,0.5056035919111844,0.1637466349160202,0.1640181559553793,0.4965571693156517,0.5044760770929506,"[949, 1006, 1063, 1624, 2581, 2752, 3031, 3220, 3517, 3676, 3775, 4210, 4441, 4654, 5089, 5146, 5269, 5650, 5707, 5806, 5929, 6496, 6643, 6694, 6745, 7048, 7273, 8116, 8485, 8632, 8785, 8842, 9025, 9178, 9415, 9508, 9739, 9928, 10069, 10234, 10309, 10462, 10597, 10708, 10885, 11314, 11641, 11902, 11977, 12286, 12397, 12598, 12925, 13024, 13087, 13138, 13477, 13660, 13795, 13870, 14131, 14320, 14569, 14644, 14797, 15070, 15235, 15580, 15655, 15820, 16003, 16174, 16273, 16480, 16549, 16624, 16735, 16870, 16945, 17140, 17263, 17338, 17449, 17530, 17749, 17962, 18019, 18370, 18577, 18646, 18781, 19012, 19159, 19264, 19723, 19810, 19987, 20170, 20233, 20350, 20695, 20896, 20983, 21220, 21337, 21430, 21493, 21544, 21787, 22006, 22147, 22264, 22399, 22552, 22771, 22900, 23209, 23272, 23425, 23488, 23659, 23758, 23989, 24112, 24211, 24316, 24391, 24616, 24673, 24796, 24883, 24976, 25093, 25192, 25321, 25552, 25675, 25834, 26215, 26332, 26395, 26608, 27067, 27388, 27535, 27622, 27703, 27802, 27859, 27916, 28171, 28234, 28417, 28546, 28813, 29044, 29113, 29338, 29419, 29554, 30127, 30544, 30787, 30934, 31207, 31294, 31417, 31600, 31759, 31948, 32059, 32536, 32659, 32788, 32863, 33082, 33655, 33730, 33901, 33988, 34183, 34552, 34621, 34882, 35017, 35320, 35455, 35788, 36007, 36268, 36391, 36460, 36529, 36586, 36649, 36706, 36949, 37648, 37933, 38068, 38179, 38230, 38611, 38746, 38959, 39016, 39331, 39562, 39967, 40192, 40513, 40654, 40729, 40798, 40891, 40978, 41287, 41524, 41641, 41734, 41827, 41896, 42085, 42142, 42247, 42484, 42553, 42754, 42859, 43054, 43117, 43234, 43369, 44116, 44299, 44482, 44575, 44698, 44749, 44806, 45157, 45256, 45697, 45862, 46183, 46264, 46495, 46834, 46885, 47236, 47347, 47398, 47515, 47590, 47647, 48004, 48163, 48292, 48397, 49030, 49171, 49246, 49399, 49468, 49795, 50062, 50161, 50512, 50593, 50764, 50863, 50926, 51007, 51424, 51517, 51688, 51991, 52222, 52297, 52372, 52453, 52510, 52561, 52708, 53005, 53290, 53353, 53806, 53965, 54022, 54355, 54598, 54721, 54820, 55033, 55228, 55315, 55408, 55513, 55570, 55651, 55906, 56113, 56176, 56233, 56524, 56599, 56710, 56773, 56914, 57001]"
1733680310,50,0.1,0.8,0.0097865548871389,0.0097771110100766,0.1746672045179507,0.1754915200729607,0.5563428451163688,0.5567988494659487,0.1637466349160202,0.1640181559553793,0.5487711125616729,0.5491657701748102,"[4543, 5806, 6673, 8740, 9439, 11248, 11641, 12286, 12601, 13690, 13879, 14440, 14569, 19162, 20809, 22552, 24883, 26020, 27703, 28234, 28543, 29578, 30787, 34834, 34939, 38116, 40051, 40660, 41491, 42142, 42667, 44104, 44317, 44698, 45859, 47590, 47701, 54598, 56563]"
1733680370,50,0.5,0.6,0.0012924620322413,0.0013168812000739,0.1746672045179507,0.1754915200729607,0.5107073329007138,0.517880632092183,0.1637466349160202,0.1640181559553793,0.5091489245636024,0.5157274563218402,"[231, 334, 463, 592, 1137, 1240, 1317, 1394, 1679, 1964, 2457, 2534, 2585, 3364, 3701, 3908, 4011, 4400, 4919, 5100, 5359, 5852, 6085, 6136, 6317, 7902, 8005, 8108, 8497, 8782, 8833, 8884, 9195, 9272, 9947, 10154, 10335, 10386, 10463, 10514, 10877, 11110, 11343, 11524, 11731, 11782, 11833, 12326, 13027, 13572, 13675, 14116, 14167, 14426, 14581, 14684, 14969, 15306, 15383, 15486, 15745, 15926, 15977, 16210, 16443, 17118, 17351, 17636, 17973, 18596, 18803, 19036, 19321, 19736, 19865, 20020, 20175, 20252, 20355, 20484, 20691, 20794, 21261, 21416, 21467, 21596, 21829, 21958, 22321, 22372, 22475, 22578, 22837, 23096, 23355, 23458, 23769, 24054, 24261, 24312, 24623, 24726, 24881, 24932, 25217, 25710, 25787, 25838, 25941, 26356, 26563, 26692, 26743, 26898, 27053, 27156, 27233, 27726, 27959, 28036, 28113, 28528, 28605, 28864, 28915, 28992, 29095, 29146, 29405, 29820, 29975, 30026, 30233, 30752, 30829, 30880, 31035, 31086, 31761, 32124, 32305, 32616, 32875, 33316, 33601, 33808, 33989, 34534, 34715, 34766, 34869, 35076, 35127, 35256, 35411, 35540, 35721, 36370, 36421, 36550, 36679, 36756, 37041, 37248, 37299, 37402, 37453, 37920, 38075, 38178, 38281, 38332, 38539, 39318, 39603, 39680, 39809, 40172, 40223, 40378, 40663, 40922, 41259, 41362, 41543, 41594, 41645, 41904, 41981, 42266, 42343, 42654, 42783, 42938, 42989, 43118, 43377, 43428, 43765, 43998, 44101, 44204, 44333, 44540, 44643, 45162, 45213, 45342, 45419, 45470, 45703, 46170, 46273, 46766, 46869, 46998, 47127, 47516, 48035, 48112, 48397, 48708, 48993, 49304, 50057, 50264, 50393, 50730, 50781, 51014, 51091, 51532, 51609, 51660, 51893, 52100, 52203, 52722, 52825, 53318, 53421, 53966, 54043, 54432, 54483, 54560, 54637, 54714, 54791, 54868, 54971, 55204, 55359, 55514, 55799, 56084, 56135, 56342, 56601, 56652]"
1733680420,50,0.5,0.7,0.0171017575300508,0.0170929882156358,0.1746672045179507,0.1754915200729607,0.5509058701790694,0.5515372608169493,0.1637466349160202,0.1640181559553793,0.5409031387720523,0.5414173885419978,"[1141, 3480, 4389, 4960, 8209, 8780, 23131, 24924, 25573, 31032, 41353, 42522, 42807, 42988, 43377, 43870, 45403, 48704, 49093, 52472, 52653, 55252]"
1733680524,50,1.0,0.6,0.0039410222066733,0.0039544992583006,0.1746672045179507,0.1754915200729607,0.5490643141519196,0.5511689496115194,0.1637466349160202,0.1640181559553793,0.5433821782619278,0.5450820597467619,"[151, 457, 1171, 1222, 1273, 2140, 3772, 4435, 4537, 4588, 5608, 5659, 6322, 6628, 7852, 8209, 11371, 12085, 12391, 14839, 15910, 16012, 16318, 18511, 18766, 19786, 20041, 20092, 20194, 20602, 21265, 21316, 22387, 23254, 24580, 24733, 24886, 25243, 25600, 25855, 26008, 29170, 29731, 29935, 30037, 31108, 31771, 32587, 32740, 33454, 33862, 35443, 36565, 36667, 37126, 37483, 38095, 38248, 38656, 39268, 41308, 41410, 42532, 42889, 42940, 43450, 43552, 43603, 44368, 44572, 45439, 45592, 45949, 46918, 48091, 48142, 48193, 49723, 49774, 50233, 50284, 50488, 51559, 52273, 52375, 52477, 52732, 53140, 53344, 53497, 54109, 54466, 55435, 55996, 56608]"
1733680574,50,1.0,0.7,0.1791570934984303,0.1585667432520125,0.1746672045179507,0.1754915200729607,0.5329813915148114,0.4926250065769858,0.1637466349160202,0.1640181559553793,0.5202429503621738,0.4814340391876211,"[1222, 48142]"
1733680676,125,0.1,0.6,0.0011545747530136,0.0011753980013771,0.1746672045179507,0.1754915200729607,0.5014118596208148,0.5081291544627041,0.1637466349160202,0.1640181559553793,0.5011848383716034,0.5070791319693747,"[235, 389, 585, 837, 1005, 1215, 1369, 1635, 1803, 1957, 2153, 2405, 2601, 2755, 2993, 3175, 3469, 3777, 3917, 4071, 4295, 4435, 4631, 4953, 5177, 5345, 5471, 5667, 5849, 5989, 6143, 6731, 6871, 7053, 7193, 7683, 7837, 7991, 8131, 8299, 8453, 8635, 8775, 8901, 9041, 9181, 9349, 9545, 9993, 10119, 10301, 10651, 10903, 11141, 11281, 11421, 11645, 11799, 12065, 12289, 12457, 12653, 12863, 13017, 13143, 13325, 13563, 13717, 13871, 14165, 14361, 14557, 14767, 14991, 15117, 15257, 15509, 15747, 15999, 16167, 16629, 17147, 17273, 17511, 17889, 18323, 18449, 18589, 18715, 18869, 19163, 19345, 19639, 19821, 20073, 20227, 20353, 20493, 20633, 20773, 20899, 21193, 21361, 21585, 22005, 22145, 22425, 22565, 23125, 23293, 23433, 23559, 23713, 23965, 24245, 24399, 24525, 24693, 24861, 25197, 25435, 25687, 25827, 26023, 26219, 26345, 26499, 26723, 26877, 27017, 27185, 27395, 27535, 27717, 27927, 28179, 28347, 28515, 28767, 28893, 29033, 29229, 29355, 29495, 29663, 29887, 30013, 30139, 30307, 30475, 30755, 30937, 31189, 31315, 31749, 31917, 32141, 32309, 32463, 32603, 32855, 33023, 33177, 33359, 33583, 33737, 33919, 34255, 34479, 34619, 34759, 35025, 35459, 35613, 35795, 36005, 36271, 36467, 36649, 36845, 37111, 37405, 37573, 37741, 37937, 38063, 38231, 38357, 38511, 38791, 38987, 39141, 39337, 39589, 39743, 39869, 40051, 40359, 40583, 40723, 41017, 41143, 41283, 41535, 41675, 41857, 42123, 42333, 42487, 42823, 42991, 43173, 43299, 43565, 43761, 43915, 44069, 44321, 44573, 44699, 44839, 44965, 45133, 45595, 45861, 46169, 46421, 46589, 46715, 46841, 46967, 47149, 47317, 47597, 47723, 47877, 48003, 48185, 48395, 48563, 48689, 48815, 49011, 49179, 49473, 49655, 49795, 50005, 50201, 50397, 50523, 50649, 50957, 51223, 51517, 51741, 51867, 52161, 52301, 52455, 52651, 52777, 52959, 53169, 53295, 53491, 53631, 53897, 54121, 54247, 54415, 54639, 54821, 55241, 55521, 55675, 55801, 55927, 56095, 56235, 56529, 56697, 56963]"
1733680726,125,0.1,0.7,0.0061427633071517,0.0061580388871004,0.1746672045179507,0.1754915200729607,0.5555185295613589,0.5572899310731887,0.1637466349160202,0.1640181559553793,0.5479766548713861,0.5495217126468847,"[837, 1453, 2755, 3175, 5471, 5709, 6311, 8537, 9783, 10105, 10301, 10903, 11141, 13017, 13255, 13661, 14445, 15341, 16741, 17343, 17973, 18785, 19821, 22523, 24329, 24889, 25687, 27073, 27717, 28039, 28543, 28851, 29117, 29775, 29929, 32141, 33415, 33751, 34311, 34759, 35025, 36271, 37741, 38119, 40051, 40583, 41353, 41535, 41675, 42123, 42487, 43649, 43803, 44153, 44937, 47877, 48003, 48395, 50523, 51867, 53981, 55395]"
1733680779,125,0.1,0.8,0.1216186985168166,0.1215953136783766,0.1746672045179507,0.1754915200729607,0.5395233000684007,0.5402774611080906,0.1637466349160202,0.1640181559553793,0.5282442647156348,0.5269247156807658,"[15341, 24889, 28543]"
1733680833,125,0.5,0.6,0.0123505892696405,0.0123324848785902,0.1746672045179507,0.1754915200729607,0.5575354718768086,0.5577985513092586,0.1637466349160202,0.1640181559553793,0.5479474696783891,0.5479776882347802,"[1211, 1337, 3383, 4213, 4787, 10161, 10927, 12077, 13739, 24745, 25127, 25253, 25507, 27617, 27999, 28573, 30683, 31129, 32599, 33429, 33619, 36881, 37135, 37261, 38987, 41673, 43335, 52677, 54339, 54529, 56511]"
1733680985,125,1.0,0.6,0.0376554360980058,0.0375624813652068,0.1746672045179507,0.1754915200729607,0.5512215654980094,0.5511163337250293,0.1637466349160202,0.1640181559553793,0.5395385162657075,0.5393379323882961,"[1258, 1384, 13732, 25954, 28600, 33514, 33640, 35152, 37168, 42964]"
1733681135,250,0.1,0.6,0.004062861495923,0.004076778016625,0.1746672045179507,0.1754915200729607,0.5484504621428696,0.5505550976024695,0.1637466349160202,0.1640181559553793,0.5433025035089729,0.5450843005675048,"[561, 864, 1141, 1444, 1747, 3376, 3783, 4554, 5091, 5368, 5645, 6754, 7447, 8530, 8781, 9214, 9699, 11146, 11527, 12298, 13147, 13710, 14403, 15226, 15763, 16092, 17643, 17972, 18457, 19280, 20077, 20354, 20813, 21220, 22017, 22528, 23013, 23654, 24243, 24910, 25213, 25802, 26235, 26512, 27595, 28054, 28565, 29128, 29457, 29786, 30037, 30340, 30955, 31206, 33823, 34204, 34767, 35330, 35633, 36300, 36993, 37764, 38041, 38526, 39037, 39600, 39981, 41194, 42563, 43282, 43663, 44070, 44399, 44936, 45421, 46192, 46989, 47760, 48011, 48262, 49241, 49648, 50523, 50982, 51701, 52498, 52879, 53312, 53953, 55244, 56145, 56708]"
1733681186,250,0.1,0.7,0.1229107108406264,0.1221273187528865,0.1746672045179507,0.1754915200729607,0.5433993370398302,0.5418734763316204,0.1637466349160202,0.1640181559553793,0.5317274029819896,0.5294859625200107,"[1965, 17608, 33927]"
1733681291,250,0.5,0.6,0.1799200238525352,0.1568216496834277,0.1746672045179507,0.1754915200729607,0.5345072522230212,0.4891348194398162,0.1637466349160202,0.1640181559553793,0.5221283022970228,0.4784530669427295,"[1257, 51404]"
1733681441,250,1.0,0.6,0.3625760738025501,0.308802637809776,0.1746672045179507,0.1754915200729607,0.5372432783205009,0.4842941578827367,0.1637466349160202,0.1640181559553793,0.524391047340285,0.4730674213281899,[1504]
1733681590,500,0.1,0.6,0.0174907962059162,0.0174644882626712,0.1746672045179507,0.1754915200729607,0.5594647210481084,0.5597102618517285,0.1637466349160202,0.1640181559553793,0.548892210883912,0.5490147585078945,"[1162, 2122, 5377, 5929, 8470, 14836, 18142, 19306, 20266, 26224, 26980, 28552, 31348, 33940, 34645, 37135, 41359, 44308, 45676, 48421, 52492, 56155]"
1733681641,500,0.1,0.7,0.3587351140887805,0.3068733886384762,0.1746672045179507,0.1754915200729607,0.5334023186067314,0.4823649087114369,0.1637466349160202,0.1640181559553793,0.5200166308573059,0.471092921915921,[1264]
1733681744,500,0.5,0.6,0.3626637669467001,0.308732483294456,0.1746672045179507,0.1754915200729607,0.5373309714646509,0.4842240033674167,0.1637466349160202,0.1640181559553793,0.5244236307492947,0.4729798322119202,[1503]
1733681892,500,1.0,0.6,0.36276899871968,0.308785099180946,0.1746672045179507,0.1754915200729607,0.5374362032376309,0.4842766192539067,0.1637466349160202,0.1640181559553793,0.524554719055437,0.4730434945006777,[1501]
1733682039,50,0.1,0.6,0.0003566774158192,0.000384166326908,0.1746672045179507,0.1754915200729607,0.4236280407597734,0.4436396162548012,0.1637466349160202,0.1640181559553793,0.4262395049383389,0.4450499057679458,"[91, 244, 337, 394, 451, 586, 655, 832, 895, 970, 1063, 1126, 1267, 1360, 1549, 1624, 1729, 1930, 2113, 2170, 2221, 2296, 2425, 2704, 2773, 2854, 2965, 3088, 3163, 3220, 3277, 3394, 3463, 3514, 3571, 3688, 3775, 3844, 3973, 4048, 4165, 4216, 4291, 4468, 4543, 4654, 4897, 4966, 5077, 5146, 5245, 5338, 5407, 5464, 5587, 5650, 5707, 5788, 5905, 6022, 6079, 6136, 6235, 6328, 6481, 6544, 6631, 6694, 6751, 6862, 6913, 7084, 7189, 7240, 7291, 7342, 7393, 7456, 7579, 7672, 7795, 7870, 7921, 7978, 8041, 8116, 8185, 8290, 8353, 8404, 8485, 8536, 8635, 8710, 8773, 8842, 8917, 9004, 9073, 9178, 9265, 9352, 9415, 9484, 9541, 9604, 9691, 9868, 9925, 9982, 10069, 10126, 10219, 10306, 10363, 10462, 10525, 10576, 10651, 10720, 10843, 10918, 11005, 11086, 11173, 11248, 11305, 11356, 11431, 11488, 11545, 11674, 11803, 11860, 11959, 12058, 12151, 12220, 12397, 12502, 12601, 12652, 12709, 12766, 12871, 13012, 13075, 13132, 13225, 13300, 13399, 13450, 13555, 13654, 13705, 13798, 13879, 13972, 14059, 14122, 14203, 14284, 14359, 14440, 14497, 14590, 14659, 14770, 14827, 14884, 14953, 15070, 15139, 15220, 15289, 15376, 15427, 15526, 15595, 15676, 15733, 15820, 15883, 15982, 16075, 16174, 16273, 16324, 16429, 16480, 16531, 16648, 16711, 16870, 16945, 17002, 17077, 17140, 17263, 17338, 17407, 17458, 17509, 17596, 17665, 17728, 17809, 17884, 17965, 18016, 18073, 18172, 18319, 18370, 18439, 18562, 18655, 18706, 18781, 18874, 18997, 19048, 19159, 19258, 19321, 19372, 19453, 19618, 19687, 19810, 19885, 19942, 19993, 20044, 20125, 20200, 20251, 20344, 20413, 20488, 20563, 20632, 20695, 20746, 20803, 20866, 20917, 20980, 21031, 21118, 21199, 21316, 21397, 21490, 21685, 21736, 21787, 21922, 21985, 22108, 22159, 22210, 22261, 22324, 22387, 22456, 22537, 22678, 22741, 22840, 22903, 22960, 23053, 23128, 23197, 23272, 23425, 23488, 23551, 23626, 23707, 23758, 23821, 23914, 23971, 24052, 24109, 24220, 24283, 24376, 24439, 24550, 24607, 24700, 24793, 24862, 24943, 25000, 25081, 25150, 25225, 25282, 25393, 25516, 25609, 25678, 25735, 25828, 25891, 25990, 26053, 26152, 26209, 26332, 26383, 26506, 26569, 26626, 26701, 26782, 26851, 26962, 27067, 27124, 27217, 27322, 27373, 27448, 27529, 27622, 27703, 27802, 27859, 27916, 28015, 28090, 28147, 28216, 28285, 28342, 28417, 28504, 28555, 28630, 28705, 28810, 28861, 29032, 29113, 29212, 29269, 29326, 29419, 29542, 29599, 29656, 29737, 29800, 29881, 29974, 30037, 30124, 30199, 30256, 30307, 30466, 30535, 30718, 30787, 30844, 30931, 31006, 31117, 31174, 31261, 31312, 31399, 31504, 31567, 31666, 31741, 31810, 31885, 31948, 32011, 32080, 32137, 32296, 32365, 32464, 32533, 32596, 32659, 32722, 32785, 32848, 32917, 32992, 33085, 33148, 33277, 33352, 33439, 33490, 33583, 33652, 33805, 33856, 33913, 33964, 34057, 34126, 34183, 34258, 34381, 34474, 34561, 34618, 34723, 34882, 34939, 35002, 35059, 35110, 35209, 35308, 35395, 35446, 35515, 35572, 35659, 35716, 35791, 35866, 35947, 36010, 36121, 36172, 36265, 36460, 36523, 36586, 36649, 36706, 36775, 36934, 36991, 37066, 37129, 37192, 37267, 37354, 37429, 37522, 37627, 37690, 37747, 37816, 37873, 37930, 38011, 38068, 38119, 38224, 38275, 38338, 38461, 38548, 38665, 38764, 38893, 39016, 39085, 39142, 39253, 39328, 39469, 39562, 39625, 39682, 39799, 39868, 39931, 39988, 40045, 40102, 40177, 40258, 40315, 40384, 40459, 40510, 40657, 40738, 40843, 40906, 40981, 41050, 41113, 41182, 41239, 41380, 41437, 41530, 41581, 41656, 41725, 41794, 41851, 41908, 41965, 42058, 42115, 42184, 42247, 42334, 42385, 42472, 42523, 42586, 42667, 42724, 42781, 42856, 42907, 42988, 43051, 43114, 43165, 43234, 43297, 43366, 43429, 43516, 43573, 43648, 43717, 43798, 43855, 43906, 44059, 44116, 44167, 44224, 44281, 44332, 44401, 44482, 44575, 44698, 44749, 44800, 44857, 44962, 45049, 45106, 45157, 45256, 45319, 45382, 45457, 45514, 45649, 45844, 45925, 45982, 46147, 46228, 46423, 46486, 46561, 46618, 46711, 46792, 46843, 46912, 46969, 47056, 47173, 47236, 47329, 47410, 47509, 47572, 47647, 47740, 47809, 47872, 47929, 47992, 48079, 48166, 48241, 48292, 48343, 48394, 48445, 48574, 48643, 48700, 48805, 48892, 48943, 49018, 49087, 49168, 49219, 49324, 49399, 49462, 49531, 49606, 49693, 49804, 49861, 49960, 50107, 50158, 50233, 50290, 50377, 50464, 50515, 50608, 50665, 50746, 50803, 50872, 50959, 51076, 51145, 51238, 51331, 51424, 51493, 51604, 51685, 51844, 51913, 51976, 52105, 52222, 52291, 52396, 52453, 52510, 52561, 52708, 52777, 52828, 53005, 53116, 53179, 53260, 53353, 53608, 53689, 53806, 53857, 53938, 54019, 54088, 54181, 54262, 54313, 54424, 54475, 54598, 54673, 54736, 54805, 54862, 54973, 55078, 55135, 55228, 55291, 55408, 55459, 55522, 55573, 55678, 55741, 55798, 55879, 55936, 56017, 56086, 56215, 56338, 56395, 56476, 56539, 56602, 56683, 56758, 56899, 56950]"
1733682090,50,0.1,0.7,0.0010583358867513,0.0010825804618987,0.1746672045179507,0.1754915200729607,0.4985179858638651,0.5067611414139642,0.1637466349160202,0.1640181559553793,0.4977972810481836,0.5052058751920311,"[451, 604, 1135, 1462, 1657, 1768, 2221, 2854, 3433, 3676, 3775, 4048, 4315, 4468, 4543, 4654, 5239, 5434, 5605, 5662, 5827, 6118, 6307, 6694, 6871, 7378, 7621, 7672, 7885, 8116, 8527, 8656, 8785, 8842, 9025, 9178, 9415, 9508, 9859, 9928, 10225, 10336, 10459, 10600, 10651, 10720, 10825, 10876, 11071, 11194, 11311, 11680, 11815, 11986, 12121, 12286, 12397, 12544, 12601, 13300, 13477, 13654, 13705, 13828, 13879, 14320, 14569, 14698, 14797, 15070, 15139, 15304, 15511, 15598, 15655, 15820, 16003, 16174, 16273, 16366, 16429, 16480, 16549, 17020, 17263, 17344, 17449, 17866, 17965, 18322, 18577, 18646, 18781, 19012, 19159, 19264, 19339, 19810, 20167, 20230, 20341, 20434, 20611, 20800, 20983, 21148, 21199, 22006, 22147, 22252, 22399, 22456, 22537, 22738, 23053, 23128, 23209, 23458, 23911, 23962, 24085, 24238, 24475, 24616, 24673, 24886, 25321, 25552, 26083, 26218, 26341, 26422, 26605, 26734, 26881, 27388, 27529, 27700, 28021, 28234, 28381, 28540, 28813, 28888, 29017, 29116, 29269, 29338, 29419, 29530, 29623, 29716, 29803, 29908, 30127, 30262, 30337, 30544, 30751, 30934, 31117, 31294, 31417, 31510, 31885, 31948, 32059, 32224, 32461, 32536, 32605, 32740, 32809, 32866, 33169, 33748, 34027, 34180, 34303, 34624, 34903, 35002, 35095, 35422, 35617, 35866, 35995, 36118, 36511, 36682, 36745, 37036, 37129, 37192, 37519, 37648, 38011, 38068, 38179, 38608, 38935, 39016, 39469, 39562, 39805, 39868, 39967, 40222, 40357, 40432, 40657, 40756, 40981, 41284, 41491, 41560, 41671, 41848, 42367, 42484, 42553, 42862, 42967, 43126, 43363, 43582, 43645, 43696, 44281, 44698, 44749, 44812, 44965, 45040, 45139, 45256, 45319, 45514, 45697, 46180, 46261, 46654, 46711, 46834, 47059, 47398, 47575, 47824, 47929, 48292, 48583, 49030, 49171, 49246, 49399, 49468, 49531, 49606, 49795, 49906, 50107, 50296, 50389, 50464, 50593, 50764, 50827, 51004, 51331, 51688, 52147, 52222, 52309, 52468, 52561, 52774, 52855, 53002, 53059, 53164, 53215, 53266, 53413, 53722, 53803, 53938, 54241, 54358, 54427, 54598, 54721, 54814, 55015, 55318, 55513, 55570, 55741, 55906, 55963, 56086, 56233, 56452, 56563, 56698, 56755, 56914]"
1733682146,50,0.1,0.8,0.0062434595529988,0.0062566135246213,0.1746672045179507,0.1754915200729607,0.5492747776978796,0.5508883315502394,0.1637466349160202,0.1640181559553793,0.5430416792172723,0.5445299988040858,"[451, 2866, 3973, 9694, 10225, 11314, 12601, 13660, 14797, 15820, 16003, 16174, 17449, 18112, 18787, 19162, 19723, 20230, 20983, 22906, 23053, 24316, 24391, 25678, 26215, 26872, 27067, 27700, 28447, 28546, 28813, 29128, 29269, 29440, 32083, 35740, 35791, 36460, 36529, 38068, 39331, 39592, 40051, 40660, 41491, 41848, 42667, 43366, 44317, 45106, 46495, 46834, 47059, 49468, 50107, 51424, 51547, 53164, 54241, 55414]"
1733682205,50,0.5,0.6,0.0012693832691217,0.0012950576877511,0.1746672045179507,0.1754915200729607,0.5085150042969641,0.5160916919515233,0.1637466349160202,0.1640181559553793,0.5074225871855372,0.5143530561079945,"[231, 646, 1139, 1216, 1319, 1682, 1967, 2460, 2537, 3238, 3367, 3860, 4093, 4170, 4455, 5572, 5649, 6116, 6349, 6608, 6997, 7048, 7203, 7592, 7877, 7928, 8005, 8108, 8497, 8548, 8781, 8832, 8883, 9194, 9245, 9478, 9659, 10074, 10151, 10332, 10591, 10746, 10953, 11524, 11783, 11886, 12119, 12300, 12741, 13026, 13259, 13362, 13673, 13724, 14113, 14580, 14631, 14864, 14967, 15044, 15433, 15484, 15535, 15742, 15923, 16000, 16649, 16778, 17219, 17348, 17451, 17606, 17761, 17994, 18591, 18798, 19135, 19316, 19575, 19756, 19833, 20014, 20065, 20116, 20245, 20504, 20607, 20788, 20995, 21046, 21253, 21720, 21901, 22134, 22263, 22548, 22911, 23196, 23715, 24260, 24311, 24570, 24621, 24880, 24931, 25138, 25215, 25318, 25395, 25706, 25861, 25964, 26353, 26456, 26611, 27104, 27181, 27596, 27751, 28244, 28529, 28866, 29099, 29150, 29279, 29330, 29537, 29770, 29821, 29976, 30027, 30156, 30493, 30544, 30803, 30958, 31035, 31086, 31527, 31760, 31967, 32148, 32771, 32874, 32951, 33392, 33443, 33494, 33597, 33674, 33725, 33854, 34035, 34268, 34709, 35072, 35305, 35408, 35459, 35536, 36133, 36210, 36287, 36494, 36649, 37116, 37167, 37348, 37451, 37528, 37579, 37786, 37915, 38122, 38173, 38276, 38509, 38768, 39053, 39442, 39779, 39986, 40063, 40374, 40555, 40658, 40995, 41254, 41357, 41408, 41511, 41640, 41691, 42184, 42339, 42390, 42441, 42492, 42673, 42932, 42983, 43112, 43423, 43630, 43759, 43992, 44121, 44302, 44379, 45132, 45469, 45702, 45831, 46038, 46193, 46842, 46893, 46944, 47203, 47436, 47643, 47876, 48057, 48108, 48185, 48366, 48703, 48806, 49039, 49896, 50025, 50128, 50387, 50542, 50723, 50982, 51033, 51526, 51603, 51706, 52069, 52822, 53133, 53184, 53313, 53364, 53961, 54454, 54505, 54556, 54633, 54684, 54865, 55254, 55331, 55434, 55589, 55796, 55847, 55924, 56131, 56598, 56779]"
1733682256,50,0.5,0.7,0.0127359676353835,0.0127236905952025,0.1746672045179507,0.1754915200729607,0.5567462335794587,0.5572022379290387,0.1637466349160202,0.1640181559553793,0.5468710387548809,0.5471980650559082,"[1141, 3272, 4181, 4934, 13669, 15306, 19101, 20244, 20789, 21256, 24713, 27780, 28559, 29494, 29545, 30766, 33807, 34742, 35131, 37106, 37157, 38768, 41393, 42510, 44277, 44328, 49085, 50410, 55245, 55348]"
1733682308,50,0.5,0.8,0.3490187137169616,0.3035585877896066,0.1746672045179507,0.1754915200729607,0.5236859182349124,0.4790501078625673,0.1637466349160202,0.1640181559553793,0.5132657246002479,0.4691525254008308,[54077]
1733682359,50,1.0,0.6,0.0031472095067163,0.0031662471636514,0.1746672045179507,0.1754915200729607,0.5428907168037603,0.54594243822018,0.1637466349160202,0.1640181559553793,0.5377496697920948,0.54050634067259,"[1171, 1222, 1273, 1324, 1630, 1885, 2140, 2446, 3874, 4027, 4537, 4588, 5047, 5098, 5659, 5710, 6934, 10555, 11371, 12442, 13768, 14329, 14839, 14890, 15502, 16012, 16267, 16318, 16573, 16675, 17083, 19072, 19174, 20092, 20194, 21265, 21571, 22387, 22489, 23101, 23152, 23356, 24274, 24580, 24631, 24835, 24886, 24937, 25498, 25600, 25702, 25957, 26773, 26875, 27385, 27793, 28048, 28609, 29068, 29119, 29170, 30037, 30445, 31057, 32893, 33454, 33658, 33862, 34627, 34780, 35545, 37075, 37483, 37789, 37840, 37993, 38044, 38095, 40186, 40237, 41257, 41410, 41665, 42022, 42532, 42889, 42940, 42991, 43348, 43399, 43450, 43501, 43603, 43654, 44062, 45490, 45592, 45898, 45949, 46204, 47683, 48040, 48142, 48754, 48958, 50080, 50233, 50284, 50845, 51151, 51559, 52477, 52579, 52885, 52936, 53140, 55435]"
1733682410,50,1.0,0.7,0.0542194182687368,0.0540841202749054,0.1746672045179507,0.1754915200729607,0.554203132399109,0.554080361997299,0.1637466349160202,0.1640181559553793,0.5429289994069583,0.5427186734811401,"[5659, 14839, 14890, 24733, 35749, 48142, 54109]"
1733682511,125,0.1,0.6,0.0010968526780917,0.0011222926687154,0.1746672045179507,0.1754915200729607,0.4960450391988354,0.5043232720065945,0.1637466349160202,0.1640181559553793,0.4957754141326601,0.5030809776133996,"[249, 389, 585, 725, 851, 1061, 1243, 1369, 1649, 1803, 1957, 2153, 2419, 2615, 2755, 2965, 3105, 3469, 3777, 3917, 4071, 4211, 4491, 4631, 5009, 5233, 5443, 5569, 5709, 5989, 6143, 6311, 6703, 6871, 7039, 7417, 7641, 7851, 8047, 8187, 8369, 8523, 8663, 8789, 8957, 9167, 9363, 9545, 9685, 9853, 9993, 10231, 10413, 10567, 10903, 11141, 11281, 11519, 11645, 11799, 11995, 12289, 12457, 12653, 12877, 13017, 13143, 13395, 13661, 13829, 14165, 14361, 14571, 14767, 15061, 15257, 15579, 15747, 15999, 16125, 16279, 16629, 17049, 17217, 17343, 17511, 17777, 17973, 18113, 18253, 18393, 18575, 18743, 19079, 19275, 19415, 19821, 20087, 20227, 20353, 20493, 20731, 20899, 21361, 21501, 21627, 21991, 22145, 22425, 22565, 22775, 22999, 23139, 23293, 23559, 23685, 23825, 23965, 24119, 24245, 24399, 24525, 24693, 24833, 25029, 25197, 25393, 25519, 25687, 25827, 26023, 26219, 26443, 26737, 26905, 27045, 27213, 27395, 27535, 27717, 27843, 27983, 28179, 28347, 28543, 28767, 28893, 29033, 29229, 29355, 29579, 29775, 29929, 30153, 30335, 30475, 30657, 30867, 31035, 31189, 31315, 31511, 31707, 31861, 32141, 32295, 32463, 32603, 32855, 33079, 33289, 33415, 33597, 33737, 33919, 34059, 34255, 34521, 34647, 34801, 35025, 35333, 35459, 35613, 35795, 36005, 36271, 36467, 36957, 37153, 37335, 37475, 37657, 37895, 38021, 38231, 38371, 38707, 38987, 39113, 39589, 39743, 39897, 40051, 40191, 40457, 40723, 40933, 41185, 41353, 41535, 41675, 41829, 42011, 42179, 42333, 42487, 42669, 42795, 42991, 43215, 43369, 43509, 43649, 43803, 44111, 44293, 44489, 44755, 44881, 45035, 45161, 45315, 45469, 45595, 45973, 46155, 46421, 46589, 46841, 46967, 47149, 47317, 47541, 47723, 47877, 48003, 48171, 48395, 48563, 48689, 48815, 49067, 49277, 49473, 49613, 49795, 50201, 50355, 50509, 50677, 50803, 50957, 51083, 51265, 51391, 51517, 51867, 52245, 52455, 52651, 52777, 52959, 53169, 53295, 53491, 53631, 53813, 53981, 54219, 54359, 54639, 54821, 55101, 55241, 55395, 55521, 55801, 56025, 56529, 56711, 56837, 56963]"
1733682561,125,0.1,0.7,0.0061119292661441,0.0061215472238896,0.1746672045179507,0.1754915200729607,0.5536068190188891,0.555027447954119,0.1637466349160202,0.1640181559553793,0.5464608183257922,0.547609571293927,"[389, 585, 1453, 2153, 2447, 2755, 5471, 5709, 6143, 8537, 8719, 9181, 9741, 10903, 13661, 13885, 14081, 15313, 16741, 17147, 18785, 22523, 24329, 24889, 25687, 27073, 27535, 28039, 28543, 29117, 29775, 29929, 32323, 32855, 33751, 34311, 34759, 36271, 36649, 37433, 37657, 38119, 39589, 40051, 40359, 41353, 43369, 43803, 44937, 47373, 47877, 48283, 48507, 49039, 49473, 49809, 50523, 51867, 53491, 53981, 55241, 55843]"
1733682615,125,0.1,0.8,0.1166084968810471,0.1145038614214474,0.1746672045179507,0.1754915200729607,0.5244926951610923,0.5190031043373029,0.1637466349160202,0.1640181559553793,0.5136901320378011,0.5077819467635506,"[24889, 28543, 51867]"
1733682669,125,0.5,0.6,0.0101017886632149,0.0100944039773917,0.1746672045179507,0.1754915200729607,0.5585351737201185,0.5590788712138485,0.1637466349160202,0.1640181559553793,0.5503147561075573,0.5506855258519737,"[1211, 1337, 3383, 8565, 9203, 10929, 13743, 16109, 19307, 21225, 21927, 22949, 24931, 25249, 25503, 26269, 27995, 31129, 33623, 33877, 35347, 36881, 37135, 37837, 40139, 41225, 41479, 41669, 42243, 42881, 44095, 46205, 47483, 48313, 50551, 52533, 55283, 55409]"
1733682821,125,1.0,0.6,0.044653349001175,0.0431691425364365,0.1746672045179507,0.1754915200729607,0.5318939965273515,0.5208446603644528,0.1637466349160202,0.1640181559553793,0.5215076054637575,0.5099795542158999,"[1258, 1384, 29860, 30112, 42208, 42964, 54052, 54556]"
1733682971,250,0.1,0.6,0.0037523807802847,0.0037661990939083,0.1746672045179507,0.1754915200729607,0.54615290176614,0.5483452303698897,0.1637466349160202,0.1640181559553793,0.5410641633158755,0.5429348933707941,"[405, 890, 1141, 1470, 1747, 2778, 3185, 4242, 4727, 5368, 5645, 6780, 7447, 8244, 8521, 8876, 9699, 9950, 10409, 11336, 12055, 13034, 13493, 13900, 14177, 14818, 15355, 16204, 16741, 17044, 17373, 17676, 17979, 18594, 19287, 19590, 20361, 20820, 21435, 22518, 23211, 24658, 25351, 25628, 26191, 27196, 27603, 27984, 28547, 29136, 29543, 29976, 31007, 31310, 31821, 32228, 32869, 33770, 35113, 35546, 35875, 37114, 37495, 39150, 39687, 40198, 40995, 41298, 42485, 42814, 43117, 43602, 43879, 44338, 44823, 45646, 46183, 46772, 47517, 47846, 48123, 48400, 48703, 49188, 49725, 50028, 50409, 50738, 51275, 51708, 52817, 53250, 53501, 54038, 54783, 55242, 55805, 56394, 56775]"
1733683022,250,0.1,0.7,0.1762807583703106,0.1702036234807163,0.1746672045179507,0.1754915200729607,0.527228721258572,0.5158987670343933,0.1637466349160202,0.1640181559553793,0.5162500225543079,0.5044176476233247,"[28563, 42932]"
1733683127,250,0.5,0.6,0.3589105003770805,0.3068909272673062,0.1746672045179507,0.1754915200729607,0.5335777048950313,0.4823824473402669,0.1637466349160202,0.1640181559553793,0.5202042757171416,0.4711011925334834,[1257]
1733683277,250,1.0,0.6,0.18140203798867,0.154524089306698,0.1746672045179507,0.1754915200729607,0.5374712804952909,0.4845396986863567,0.1637466349160202,0.1640181559553793,0.5245656280430113,0.4732240771325442,"[1253, 1504]"
1733683426,500,0.1,0.6,0.0201075764107288,0.0200780376674362,0.1746672045179507,0.1754915200729607,0.5567111563217988,0.5569742357542488,0.1637466349160202,0.1640181559553793,0.5472706332108317,0.5474452757534728,"[1162, 1969, 2572, 15313, 17446, 17998, 20029, 20836, 24397, 36271, 38098, 39262, 41191, 42865, 48007, 50242, 52681, 53284, 54907]"
1733683477,500,0.1,0.7,0.3587351140887805,0.3068733886384762,0.1746672045179507,0.1754915200729607,0.5334023186067314,0.4823649087114369,0.1637466349160202,0.1640181559553793,0.5200166308573059,0.471092921915921,[1264]
1733683580,500,0.5,0.6,0.3589631162635704,0.3068558500096462,0.1746672045179507,0.1754915200729607,0.5336303207815213,0.4823473700826069,0.1637466349160202,0.1640181559553793,0.5201567183288588,0.4710788585949393,[1252]
1733683728,500,1.0,0.6,0.36276899871968,0.308785099180946,0.1746672045179507,0.1754915200729607,0.5374362032376309,0.4842766192539067,0.1637466349160202,0.1640181559553793,0.524554719055437,0.4730434945006777,[1501]
